Make,Model,Price,Type,ABS,BootSpace,GearType,AirBag,Engine,FuelCapacity,Mileage
Ashok Leyland Stile,Ashok Leyland Stile LE 8-STR (Diesel),750,MPV, No,500, Manual, No,1461,50,20.7
Ashok Leyland Stile,Ashok Leyland Stile LS 8-STR (Diesel),800,MPV, No,500, Manual, No,1461,50,20.7
Ashok Leyland Stile,Ashok Leyland Stile LX 8-STR (Diesel),830,MPV, No,500, Manual, No,1461,50,20.7
Ashok Leyland Stile,Ashok Leyland Stile LS 7-STR (Diesel),850,MPV, No,500, Manual, No,1461,50,20.7
Ashok Leyland Stile,Ashok Leyland Stile LS 7-STR Alloy (Diesel),880,MPV, No,500, Manual, No,1461,50,20.7
Ashok Leyland Stile,Ashok Leyland Stile LX 7-STR (Diesel),900,MPV, No,500, Manual, No,1461,50,20.7
Ashok Leyland Stile,Ashok Leyland Stile LX 7-STR Alloy (Diesel),930,MPV, No,500, Manual, No,1461,50,20.7
Aston Martin Rapide,Aston Martin Rapide LUXE (Petrol),35000,Sedan, Yes,300, Automatic, Yes,5935,90.5,7
Aston Martin Rapide S,Aston Martin Rapide S (Petrol),44000,Sedan, Yes,NA, Automatic, Yes,5935,90,11.9
Aston Martin V12 Vantage,Aston Martin V12 Vantage Coupe (Petrol),35000,Coupe, Yes,300, Automatic, Yes,5935,80,9
Aston Martin V8 Vantage,Aston Martin V8 Vantage Coupe (Petrol),13500,Coupe, Yes,300, Automatic, Yes,4735,80,5
Aston Martin V8 Vantage,Aston Martin V8 Vantage S Coupe (Petrol),25500,Coupe, Yes,300, Automatic, Yes,4735,80,5
Aston Martin V8 Vantage,Aston Martin V8 Vantage Roadster (Petrol),27000,Coupe, Yes,300, Automatic, Yes,4735,80,5
Aston Martin Vanquish,Aston Martin Vanquish V12 (Petrol),38500,Sedan, Yes,240, Automatic, Yes,5935,78,8
Audi A3 Cabriolet,Audi A3 Attraction 35 TDI (Diesel),2295,Sedan, Yes,NA,NA,NA,1968,50,20.38
Audi A3 Cabriolet,Audi A3 Premium 35 TDI (Diesel),2595,Sedan, Yes,NA,NA,NA,1968,50,20.38
Audi A3 Cabriolet,Audi A3 Premium Plus 40 TFSI (Petrol),2895,Sedan, Yes,NA, Automatic, Yes,1798,50,16.6
Audi A3 Cabriolet,Audi A3 Premium Plus 35 TDI (Diesel),2995,Sedan, Yes,NA,NA,NA,1968,50,20.38
Audi A3 Cabriolet,Audi A3 Technology 35 TDI (Diesel),3266,Sedan, Yes,NA,NA,NA,1968,50,20.38
Audi A3 Cabriolet,Audi A3 Cabriolet (Petrol),4475,Convertible, Yes,320, Automatic, Yes,1798,63,17
Audi A4,Audi A4 2.0 TDI (Diesel),2899,Sedan, Yes,480, Automatic, Yes,1968,61,16.55
Audi A4,Audi A4 1.8 TFSI (Petrol),3058,Sedan, Yes,480, Automatic, Yes,1798,63,15.64
Audi A4,Audi A4 2.0 TDI Multitronic (Diesel),3361,Sedan, Yes,480, Automatic, Yes,1968,63,16.55
Audi A4,Audi A4 S4 3.0 TFSI quattro (Petrol),5235,Sedan, Yes,480, Automatic, Yes,2995,61,10.34
Audi A4,Audi A4 3.0 TDI Quattro (Diesel),5471,Sedan, Yes,480, Automatic, Yes,2967,61,14.94
Audi A6,Audi A6 2.0 TDI (Diesel),4356,Sedan, Yes,535, Automatic, Yes,1968,65,17.68
Audi A6,Audi A6 3.0 TFSI quattro (Petrol),4700,Sedan, Yes,535, Automatic, Yes,1984,65,13.53
Audi A6,Audi A6 3.0 TDI quattro (Diesel),5424,Sedan, Yes,535, Automatic, Yes,2967,75,14.57
Audi A7,Audi A7 Sportback 3.0 TDI (Diesel),8588,Sedan, Yes,535, Automatic, Yes,2967,65,14.4
Audi A8 L,Audi A8 L 3.0 TDI quattro (Diesel),10700,Sedan, Yes,500, Automatic, Yes,2967,90,15.5
Audi A8 L,Audi A8 L 4.2 TDI quattro (Diesel),12300,Sedan, Yes,500, Automatic, Yes,4134,90,12.5
Audi A8 L,Audi A8 L 4.2 FSI quattro (Petrol),12500,Sedan, Yes,500, Automatic, Yes,4163,90,10.3
Audi A8 L,Audi A8 L W12 (Petrol),17700,Sedan, Yes,500, Automatic, Yes,6299,90,12
Audi Q3,Audi Q3 30 TDI S Edition (Diesel),2899,SUV, Yes,460, Manual, No,1968,64,17.32
Audi Q3,Audi Q3 35 TDI Quattro Premium (Diesel),3399,SUV, Yes,460, Automatic, Yes,1968,64,15.73
Audi Q3,Audi Q3 35 TDI Quattro Premium Plus (Diesel),3750,SUV, Yes,460, Automatic, Yes,1968,64,15.73
Audi Q5,Audi Q5 2.0 TFSI Quattro (Petrol),4539,SUV, Yes,540, Automatic, Yes,1984,75,11.81
Audi Q5,Audi Q5 2.0 TDI quattro (Diesel),4572,SUV, Yes,540, Automatic, Yes,1968,75,14.16
Audi Q5,Audi Q5 3.0 TDI quattro (Diesel),5592,SUV, Yes,540, Automatic, Yes,2967,75,13.22
Audi Q7,Audi Q7 3.0 TFSI quattro (Petrol),5577,MUV, Yes,500, Automatic, Yes,2995,100,14
Audi Q7,Audi Q7 3.0 TDI quattro (Diesel),6160,MUV, Yes,330, Automatic, Yes,2967,100,12.07
Audi Q7,Audi Q7 4.2 TDI quattro (Diesel),7618,MUV, Yes,775, Automatic, Yes,4134,100,11.33
Audi R8,Audi R8 4.2 FSI quattro (Petrol),15991,Sedan, Yes,600, Automatic, Yes,4163,75,8.06
Audi R8,Audi R8 5.2 V10 coupe (Petrol),18752,Coupe, Yes,500, Automatic, Yes,5204,90,10
Audi R8,Audi R8 5.2 V10 spyder (Petrol),20607,Coupe, Yes,500, Automatic, Yes,5204,80,10
Audi R8,Audi R8 5.2 V10 Plus (Petrol),21736,Coupe, Yes,500, Automatic, Yes,5204,75,10
Audi RS5,Audi RS5 Coupe (Petrol),10127,Coupe, Yes,455, Automatic, Yes,4163,65,9
Audi RS6,Audi RS6 Avant,13500,Sedan, Yes,565, Automatic, Yes,3993,65,10.41
Audi RS7,Audi RS7 Sportback (Petrol),14000,Sedan, Yes,535, Automatic, Yes,3993,75,13.3
Audi S6,Audi S6 4.0 TFSI (Petrol),8995,Sedan, Yes,510, Automatic, Yes,3993,65,10.3
Audi TT,Audi TT 45 TFSI (Petrol),6034,Coupe, Yes,280, Automatic, Yes,1984,55,8.3
Bentley Continental Flying Spur,Bentley Continental Flying Spur W12 (Petrol),31000,Sedan, Yes,510, Automatic, Yes,5998,90,NA
Bentley Continental GT,Bentley Continental GT (Petrol),18700,Coupe, Yes,510, Automatic, Yes,5998,90,8.6
Bentley Continental GTC,Bentley Continental GTC Convertible (Petrol),21000,Sedan, Yes,260, Automatic, Yes,5998,90,8.5
Bentley Mulsanne,Bentley Mulsanne V8 (Petrol),26900,Coupe, Yes,500, Automatic, Yes,5998,96,9.5
BMW 1 Series,BMW 1 Series,2000,Sedan,NA,NA,NA,NA,1995,55,20.58
BMW 3 Series,BMW 3 Series 320d (Diesel),3340,Sedan, Yes,460, Automatic, Yes,1995,60,18.88
BMW 3 Series,BMW 3 Series 320d Sport Line (Diesel),3690,Sedan, Yes,390, Automatic, Yes,1995,60,18.88
BMW 3 Series,BMW 3 Series 320d Luxury Line (Diesel),3690,Sedan, Yes,460, Automatic, Yes,1995,60,18.88
BMW 3 Series,BMW 3 Series 328i Sport Line (Petrol),4245,Sedan, Yes,390, Automatic, Yes,1997,60,14.79
BMW 3 Series GT,BMW 3 Series GT 320d Sport Line(Diesel),3990,Sedan, Yes,NA, Automatic, Yes,1995,60,19.59
BMW 3 Series GT,BMW 3 Series GT 320d GT Luxury Line (Diesel),4275,Sedan, Yes,NA, Automatic, Yes,1995,60,19.59
BMW 5 Series,BMW 5 Series 520 Luxury Line (Diesel),4890,Sedan, Yes,520, Automatic, Yes,1995,70,11.5
BMW 5 Series,BMW 5 Series 520d Modern Line (Diesel),4890,Sedan, Yes,520, Automatic, Yes,1995,70,11.5
BMW 5 Series,BMW 5 Series 525d Luxury Plus (Petrol),5420,Sedan, Yes,520, Automatic, Yes,1995,70,16.73
BMW 5 Series,BMW 5 Series 530d Sport (Diesel),5825,Sedan, Yes,520, Automatic, Yes,2993,70,16.2
BMW 5 Series GT,BMW 5 Series GT 530d LE (Diesel),8870,Sedan,NA,520,NA,NA,2993,70,NA
BMW 6 Series,BMW 6 Series Gran Coupe 640d (Diesel),11490,Coupe, Yes,505, Automatic, Yes,2993,70,17.54
BMW 6 Series,BMW 6 Series 640d Design Pure Experience(Diesel),12190,Coupe, Yes,450, Automatic, Yes,2993,70,17.54
BMW 7 Series,BMW 7 Series 730Ld (Diesel),10290,Sedan, Yes,630, Automatic, Yes,2993,88,12
BMW 7 Series,BMW Active Hybrid 7L (Petrol),13500,Sedan, Yes,NA, Automatic, Yes,2979,80,13.85
BMW 7 Series,BMW 7 Series 750Li (Petrol),13999,Sedan, Yes,630, Automatic, Yes,4395,88,12
BMW 7 Series,BMW 7 Series 760Li (Petrol),18695,Sedan, Yes,630, Automatic, Yes,5972,88,10
BMW i8,BMW i8 (Petrol),22900,Coupe, Yes,NA, Automatic, Yes,1499,30,29
BMW M3,BMW M3 Sedan (Petrol),11980,Sedan, Yes,NA, Automatic, Yes,2979,63,10.75
Car Specification,BMW M4 Coupe (Petrol),12180,Coupe, Yes,NA, Automatic, Yes,2979,63,10.75
BMW M5,BMW M5 Sedan (Petrol),11700,Sedan, Yes,540, Automatic, Yes,4395,80,13.25
BMW M6 Gran Coupe,BMW M6 Gran Coupe (Petrol),17500,Coupe, Yes,NA, Automatic, Yes,4395,80,10.1
BMW X1,BMW X1 sDrive20d (Diesel),3075,SUV, Yes,420, Automatic, Yes,1995,60,17.5
BMW X1,BMW X1 sDrive 20d xLine (Diesel),3600,SUV, Yes,420, Automatic, Yes,1995,60,17.5
BMW X1,BMW X1 sDrive 20d Sportline (Diesel),3600,SUV, Yes,420, Automatic, Yes,1995,60,17.5
BMW X3,BMW X3 xDrive20d Expedition (Diesel),4490,SUV, Yes,550, Automatic, Yes,1995,67,18.56
BMW X3,BMW X3 xDrive20d xLine (Diesel),4990,SUV, Yes,550, Automatic, Yes,1995,67,18.56
BMW X5,BMW X5 xDrive30d (Diesel),7090,SUV, Yes,NA, Automatic, Yes,2993,85,15.35
BMW X6,BMW X6 xDrive 40d (Diesel),9670,SUV,NA,600,NA,NA,2993,13.33,NA
BMW X6,BMW X6 xDrive 50i (Petrol),9700,SUV,NA,650,NA,NA,4395,85,NA
BMW Z4,BMW Z4 Roadster sDrive35i (Petrol),7090,Convertible, Yes,330, Automatic, Yes,2979,55,10.37
BMW Z4,BMW Z4 sDrive35i DPT (Petrol),7190,Convertible, Yes,330, Automatic, Yes,2979,55,10.37
Chevrolet Captiva,Chevrolet Captiva дус LT/Xtreme,2354,SUV, Yes,NA, Automatic, Yes,2231,65,14.6
Chevrolet Captiva,Chevrolet Captiva дус LTZ (Diesel),2568,SUV, Yes,NA, Automatic, Yes,2231,65,12.12
Chevrolet Cruze,Chevrolet Cruze LT (Diesel),1379,Sedan, Yes,NA, Automatic, Yes,1998,60,17.3
Chevrolet Cruze,Chevrolet Cruze LTZ (Diesel),1528,Sedan, Yes,NA, Automatic, Yes,1998,60,17.3
Chevrolet Cruze,Chevrolet Cruze LTZ AT (Diesel),1630,Sedan, Yes,NA, Automatic, Yes,1998,60,14.81
Chevrolet Enjoy,Chevrolet Enjoy 1.4 LS 8 Seater (Petrol),612,MPV, No,630, Manual, No,1399,50,13.7
Chevrolet Enjoy,Chevrolet Enjoy 1.4 LS 7 Seater (Petrol),615,MPV, No,630, Manual, No,1399,50,13.7
Chevrolet Enjoy,Chevrolet Enjoy 1.4 LT 7 Seater (Petrol),672,MPV, No,630, Manual, No,1399,50,13.7
Chevrolet Enjoy,Chevrolet Enjoy 1.3 LS 8 Seater (Diesel),743,MPV, No,630, Manual, No,1248,50,18.2
Chevrolet Enjoy,Chevrolet Enjoy 1.3 LS 7 Seater (Diesel),745,MPV, No,630, Manual, No,1248,50,18.2
Chevrolet Enjoy,Chevrolet Enjoy 1.4 LTZ 7 Seater (Petrol),756,MPV, Yes,630, Manual, Yes,1399,50,13.7
Chevrolet Enjoy,Chevrolet Enjoy 1.3 LT 7 Seater (Diesel),791,MPV, No,630, Manual, No,1248,50,18.2
Chevrolet Enjoy,Chevrolet Enjoy 1.3 LTZ 7 Seater (Diesel),864,MPV, Yes,630, Manual, Yes,1248,50,18.2
Chevrolet Sail,Chevrolet Sail 1.2 Base (Petrol),551,Sedan, No,370, Manual, No,1199,40,18.2
Chevrolet Sail,Chevrolet Sail 1.2 LS (Petrol),605,Sedan, No,370, Manual, No,1199,40,18.2
Chevrolet Sail,Chevrolet Sail 1.2 LS ABS (Petrol),637,Sedan, Yes,370, Manual, Yes,1199,40,18.3
Chevrolet Sail,Chevrolet Sail 1.3 Base (Diesel),675,Sedan, No,370, Manual, No,1248,40,NA
Chevrolet Sail,Chevrolet Sail 1.2 LT ABS (Petrol),685,Sedan, Yes,370, Manual, Yes,1199,40,18.2
Chevrolet Sail,Chevrolet Sail 1.3 LS (Diesel),716,Sedan, No,370, Manual, No,1248,40,NA
Chevrolet Sail,Chevrolet Sail 1.3 LS ABS (Diesel),747,Sedan, Yes,370, Manual, Yes,1248,40,22.1
Chevrolet Sail,Chevrolet Sail 1.3 LT ABS (Diesel),806,Sedan, Yes,370, Manual, Yes,1248,40,22.1
Chevrolet Sail Hatchback,Chevrolet Sail Hatchback 1.2 Base (Petrol),468,Hatchback, No,248, Manual, No,1199,40,18.2
Chevrolet Sail Hatchback,Chevrolet Sail Hatchback 1.2 LS (Petrol),517,Hatchback, No,248, Manual, Yes,1199,40,18.2
Chevrolet Sail Hatchback,Chevrolet Sail Hatchback 1.2 LS ABS (Petrol),540,Hatchback, Yes,248, Manual, Yes,1199,40,18.2
Chevrolet Sail Hatchback,Chevrolet Sail Hatchback 1.3 Base (Diesel),569,Hatchback, No,248, Manual, No,1248,40,22.1
Chevrolet Sail Hatchback,Chevrolet Sail Hatchback 1.2 LT ABS (Petrol),610,Hatchback, Yes,248, Manual, Yes,1199,40,18.3
Chevrolet Sail Hatchback,Chevrolet Sail Hatchback 1.3 LS (Diesel),622,Hatchback, No,248, Manual, Yes,1248,40,22.1
Chevrolet Sail Hatchback,Chevrolet Sail Hatchback 1.3 LS ABS (Diesel),637,Hatchback, Yes,248, Manual, Yes,1248,40,22.1
Chevrolet Sail Hatchback,Chevrolet Sail Hatchback 1.3 LT ABS (Diesel),719,Hatchback, Yes,248, Manual, Yes,1248,40,22.1
Chevrolet Spark,Chevrolet Spark 1.0 (Petrol),345,Hatchback, No,NA, Manual, No,995,38,16.2
Chevrolet Spark,Chevrolet Spark LS 1.0 (Petrol),371,Hatchback, No,NA, Manual, No,995,38,16.2
Chevrolet Spark,Chevrolet Spark LT 1.0 (Petrol),400,Hatchback, No,NA, Manual, No,995,38,16.2
Chevrolet Tavera,Chevrolet Tavera Neo 3 10 Seats BSIII (Diesel),727,MUV, No,700, Manual, No,2499,55,13.58
Chevrolet Tavera,Chevrolet Tavera Neo 3 Max-10 STR BS-III (Diesel),812,MUV, No,700, Manual, No,2499,55,13.58
Chevrolet Tavera,Chevrolet Tavera Neo 3 Max-7 STR BS-III (Diesel),825,MUV, No,700, Manual, No,2499,55,13.58
Chevrolet Tavera,Chevrolet Tavera Neo 3 LS-10 STR BS-III (Diesel),888,MUV, No,700, Manual, No,2499,55,13.58
Chevrolet Tavera,Chevrolet Tavera Neo 3 LS-7 STR BS-III (Diesel),893,MPV, No,700, Manual, No,2499,55,13.58
Chevrolet Tavera,Chevrolet Tavera Neo 3 LS-7(C) STR BS-III (Diesel),904,MUV, No,700, Manual, No,2499,55,13.58
Chevrolet Tavera,Chevrolet Tavera Neo 3 LT-9 STR BS-III (Diesel),994,MUV, No,700, Manual, No,2499,55,13.58
Chevrolet Tavera,Chevrolet Tavera Neo 3 LT-8 STR BS-III (Diesel),1037,MUV, No,NA, Manual, No,2499,55,13.58
Chevrolet Tavera,Chevrolet Tavera Neo 3 LT-7(C) STR BS-III (Diesel),1062,MUV, No,700, Manual, No,2499,55,13.58
Chevrolet Beat,New Chevrolet Beat PS (Petrol),421,Hatchback, No,170, Manual, No,1199,35,NA
Chevrolet Beat,New Chevrolet Beat LS (Petrol),448,Hatchback, No,170, Manual, No,1199,35,NA
Chevrolet Beat,New Chevrolet Beat LS (LPG),453,Hatchback, No,170, Manual, No,1199,35,NA
Chevrolet Beat,New Chevrolet Beat LT (Petrol),491,Hatchback, No,170, Manual, No,1199,35,NA
Chevrolet Beat,New Chevrolet Beat LT (LPG),500,Hatchback, No,170, Manual, No,1199,35,NA
Chevrolet Beat,New Chevrolet Beat PS (Diesel),506,Hatchback, No,170, Manual, No,936,0,NA
Chevrolet Beat,New Chevrolet Beat LS (Diesel),535,Hatchback, No,170, Manual, No,936,0,NA
Chevrolet Beat,New Chevrolet Beat LT Opt (Petrol),542,Hatchback, Yes,170, Manual, Yes,1199,35,NA
Chevrolet Beat,New Chevrolet Beat LT (Diesel),579,Hatchback, No,170, Manual, No,936,0,NA
Chevrolet Beat,New Chevrolet Beat LT Opt (Diesel),630,Hatchback, Yes,170, Automatic, Yes,936,0,NA
Nissan Datsun GO,Datsun GO D (Petrol),312,Hatchback, No,265, No, No,1198,35,20.6
Nissan Datsun GO,Datsun GO D1 (Petrol),315,Hatchback, No,265, No, No,1198,35,20.6
Nissan Datsun GO,Datsun GO A (Petrol),346,Hatchback, No,265, Manual, No,1198,35,20.6
Nissan Datsun GO,Datsun GO T (Petrol),370,Hatchback, No,265, Manual, No,1198,35,20.6
Nissan Datsun GO,Datsun GO T Opt (Petrol),420,Hatchback, No,265, Manual, Yes,1198,35,20.63
Datsun GO Plus,Datsun Go Plus D (Petrol),380,MPV, No,347, Manual, No,1198,35,20.6
Datsun GO Plus,Datsun Go Plus D1 (Petrol),382,MPV, No,347, Manual, No,1198,35,20.6
Datsun GO Plus,Datsun Go Plus A (Petrol),415,MPV, No,347, Manual, No,1198,35,20.6
Datsun GO Plus,Datsun Go Plus T (Petrol),461,MPV, No,347, Manual, Yes,1198,35,20.6
Datsun GO Plus,Datsun Go Plus T Opt (Petrol),481,MPV, No,347, Manual, Yes,1198,35,20.62
Ferrari 458 Italia,Ferrari 458 Italia Coupe (Petrol),25200,Coupe, Yes,350, Automatic, Yes,4499,86,9
Ferrari 599 GTB Fiorano,Ferrari 599 GTB Fiorano Coupe (Petrol),33700,Coupe, Yes,350, Automatic, Yes,5999,86,9
Ferrari California,Ferrari California Convertible (Petrol),22000,Sedan, Yes,350, Automatic, Yes,4297,78,9
Ferrari FF,Ferrari FF 6.3L V12 (Petrol),34000,Coupe, Yes,450, Automatic, Yes,6262,91,NA
Fiat Avventura,Fiat Avventura Active (Petrol),629,SUV, No,NA, Manual, No,1368,45,14.4
Fiat Avventura,Fiat Avventura Active (Diesel),724,SUV, No,NA, Manual, No,1248,45,20.5
Fiat Avventura,Fiat Avventura Dynamic (Petrol),736,SUV, No,NA, Manual, No,1368,45,14.4
Fiat Avventura,Fiat Avventura Dynamic (Diesel),800,SUV, Yes,NA, Manual, No,1248,45,20.5
Fiat Avventura,Fiat Avventura Emotion (Diesel),854,SUV, Yes,NA, Automatic, Yes,1248,45,20.5
Fiat New Linea,Fiat Linea Active 1.4 (Petrol),700,Sedan, Yes,500, Manual, No,1368,45,15.7
Fiat New Linea,Fiat Linea Active T-Jet (Petrol),799,Sedan, Yes,500, Manual, No,1368,45,15.7
Fiat New Linea,Fiat Linea Active 1.3 (Diesel),847,Sedan, Yes,500, Manual, No,1248,45,NA
Fiat New Linea,Fiat Linea Dynamic 1.4 (Petrol),916,Sedan, Yes,500, Automatic, Yes (Driver+Co-Driver),1368,45,15.7
Fiat New Linea,Fiat Linea Dynamic 1.3 (Diesel),963,Sedan, Yes,NA, Automatic, Yes (Driver+Co-Driver),1248,45,NA
Fiat New Linea,Fiat Linea Emotion T-Jet (Petrol),967,Sedan, Yes,500, Automatic, Yes (Driver+Co-Driver),1368,45,15.7
Fiat New Linea,Fiat Linea Emotion 1.3 (Diesel),1009,Sedan, Yes,500, Automatic, Yes (Driver+Co-Driver),1248,45,NA
Fiat Linea Classic,Fiat Linea Classic 1.4L (Petrol),612,Sedan, No,500, No, No,1368,45,NA
Fiat Linea Classic,Fiat Linea Classic 1.3L Multijet (Diesel),713,Sedan, No,500, No, No,1248,45,19.5
Fiat Linea Classic,Fiat Linea Classic Plus 1.3L Multijet (Diesel),769,Sedan, Yes,500, Manual, No,1248,45,19.5
Fiat Punto Evo,Fiat Punto EVO Active (Petrol),499,Hatchback, No,280, Manual, No,1172,45,15.8
Fiat Punto Evo,Fiat Punto EVO Dynamic (Petrol),541,Hatchback, Yes,280, Manual, No,1172,45,15.8
Fiat Punto Evo,Fiat Punto EVO Active (Diesel),593,Hatchback, No,280, Manual, No,1248,45,21.2
Fiat Punto Evo,Fiat Punto EVO Dynamic (Diesel),656,Hatchback, Yes,280, Manual, No,1248,45,21.2
Fiat Punto Evo,Fiat Punto EVO Emotion (Diesel),719,Hatchback, Yes,280, Automatic, Yes,1248,45,21.2
Fiat Punto Evo,Fiat Punto EVO Emotion (Petrol),723,Hatchback, Yes,280, Automatic, Yes,1368,45,14.4
Fiat Punto Evo,Fiat Punto EVO 90-HP (Diesel),757,Hatchback, Yes,280, Automatic, Yes,1248,45,20.3
Fiat Viaggio,Fiat Viaggio дус Expected Specification,600,Sedan,NA,NA, Manual,NA,1368,60,NA
Force One,Force One EX 7-STR (Diesel),927,SUV, No,NA, Manual, No,2650,70,NA
Force One,Force One SX ABS 7 STR (Diesel),1228,SUV, Yes,NA, Manual, No,2149,70,17
Force One,Force One SX ABS 6 STR (Diesel),1235,SUV, Yes,NA, Manual, No,2149,70,17
Force One,Force One LX 7 STR 4WD (Diesel),1398,SUV, Yes,NA, Automatic, No,2200,70,17
Ford Classic,Ford Classic 1.6 Duratec LXi (Petrol),506,Sedan, No,430, Manual, No,1596,45,14.09
Ford Classic,Ford Classic 1.6 Duratec CLXi (Petrol),577,Sedan, No,430, Manual, No,1596,45,14.09
Ford Classic,Ford Classic 1.4 TDCi LXi (Diesel),647,Sedan, No,430, Manual, No,1399,45,19.5
Ford Classic,Ford Classic 1.6 Duratec Titanium (Petrol),658,Sedan, Yes,430, Manual, Yes,1596,45,14.09
Ford Classic,Ford Classic 1.4 TDCi CLXi (Diesel),696,Sedan, No,430, Manual, No,1399,45,19.5
Ford Classic,Ford Classic 1.4 TDCi Titanium (Diesel),768,Sedan, Yes,430, Manual, Yes,1399,45,19.5
Ford EcoSport,Ford EcoSport Ambiente 1.5 Ti-VCT (Petrol),675,SUV, No,346, Manual, No,1499,52,15.8
Ford EcoSport,Ford EcoSport Trend 1.5 Ti-VCT (Petrol),771,SUV, Yes,346, Manual, No,1499,52,15.8
Ford EcoSport,Ford EcoSport Ambiente 1.5 TDCi (Diesel),787,SUV, No,346, Manual, No,1498,52,22.7
Ford EcoSport,Ford EcoSport Trend 1.5 TDCi (Diesel),860,SUV, No,346, Manual, No,1498,52,22.7
Ford EcoSport,Ford EcoSport Titanium 1.5 Ti-VCT (Petrol),870,SUV, Yes,346, Manual, Yes,1499,52,15.8
Ford EcoSport,Ford EcoSport Titanium 1.0 Ecoboost (Petrol),913,SUV, Yes,346, Manual, Yes,999,52,18.9
Ford EcoSport,Ford EcoSport 1.5 TDCi Titanium (Diesel),959,SUV, Yes,346, Automatic, Yes,1498,52,23.5
Ford EcoSport,Ford EcoSport Titanium 1.0 Ecoboost Opt (Petrol),968,SUV, Yes,346, Automatic, Yes,999,52,18.9
Ford EcoSport,Ford EcoSport 1.5 TiVCT Titanium AT (Petrol),978,SUV, Yes,346, Automatic, Yes,1499,52,16.15
Ford EcoSport,Ford EcoSport 1.5 TDCi Titanium Opt (Diesel),1019,SUV, Yes,346, Automatic, Yes,1498,52,23.5
Ford Endeavour,New Ford Endeavour 2.5L 2WD (Diesel),2216,SUV, Yes,NA, Automatic, Yes (Driver + Co-Driver),2499,71,NA
Ford Endeavour,New Ford Endeavour 3.0L 2WD AT (Diesel),2373,SUV, Yes,NA, Automatic, Yes (Driver + Co-Driver),2953,71,NA
Ford Endeavour,New Ford Endeavour 3.0L 4WD AT (Diesel),2567,SUV, Yes,NA, Automatic, Yes,2953,71,NA
Ford Fiesta,Ford Fiesta 1.5D Ambiente (Diesel),850,Sedan, Yes,430, Manual, Yes,1498,40,23.5
Ford Fiesta,Ford Fiesta 1.5D Trend (Diesel),940,Sedan, Yes,430, Automatic, Yes,1498,40,23.5
Ford Fiesta,Ford Fiesta 1.5D Titanium (Diesel),1019,Sedan, Yes,430, Automatic, Yes,1498,40,23.5
Ford Figo 2014,New Ford Figo LXi 1.2 (Petrol),414,Hatchback, No,284, Manual, No,1196,45,15.33
Ford Figo 2014,New Ford Figo EXi 1.2 (Petrol),471,Hatchback, No,284, Manual, No,1196,45,15.33
Ford Figo 2014,New Ford Figo ZXi 1.2 (Petrol),504,Hatchback, No,284, Manual, Yes,1196,45,15.33
Ford Figo 2014,New Ford Figo LXi 1.4 (Diesel),506,Hatchback, No,284, Manual, No,1399,45,19.99
Ford Figo 2014,New Ford Figo Titanium 1.2 (Petrol),546,Hatchback, Yes,284, Manual, Yes,1196,45,15.33
Ford Figo 2014,New Ford Figo EXi 1.4 (Diesel),562,Hatchback, No,284, Manual, No,1399,45,19.99
Ford Figo 2014,New Ford Figo ZXi 1.4 (Diesel),595,Hatchback, No,284, Manual, Yes,1399,45,19.99
Ford Figo 2014,New Ford Figo Titanium 1.4 (Diesel),635,Hatchback, Yes,284, Manual, Yes,1399,45,19.99
Gumpert Apollo,Gumpert Apollo STD (Petrol),50000,Convertible, Yes,100, Automatic, Yes,4163,120,NA
Honda Amaze,Honda Amaze 1.2 E MT i-VTEC (Petrol),519,Sedan, No,400, Manual, No,1198,35,18
Honda Amaze,Honda Amaze 1.2 EX MT i-VTEC (Petrol),555,Sedan, No,400, Manual, No,1198,35,18
Honda Amaze,Honda Amaze 1.2 S MT i-VTEC (Petrol),594,Sedan, No,400, Manual, No,1198,35,18
Honda Amaze,Honda Amaze 1.5 E MT i-DTEC (Diesel),621,Sedan, Yes,400, Manual, No,1498,35,25.8
Honda Amaze,Honda Amaze 1.2 SX MT i-VTEC (Petrol),648,Sedan, Yes,400, Manual, Yes (Driver + Co-Driver),1198,35,18
Honda Amaze,Honda Amaze 1.5 EX MT i-DTEC (Diesel),653,Sedan, Yes,400, Manual, No,1498,35,25.8
Honda Amaze,Honda Amaze 1.2 VX MT i-VTEC (Petrol),687,Sedan, Yes,400, Manual, Yes,1198,35,18
Honda Amaze,Honda Amaze 1.2 S AT i-VTEC (Petrol),695,Sedan, Yes,400, Manual, No,1198,35,15.5
Honda Amaze,Honda Amaze 1.5 S MT i-DTEC (Diesel),697,Sedan, Yes,400, Manual, No,1498,35,25.8
Honda Amaze,Honda Amaze 1.5 SX MT i-DTEC (Diesel),739,Sedan, Yes,400, Manual, Yes,1498,35,25.8
Honda Amaze,Honda Amaze 1.5 VX MT i-DTEC (Diesel),776,Sedan, Yes,400, Manual, Yes,1498,35,25.8
Honda Amaze,Honda Amaze 1.2 VX AT i-VTEC (Petrol),778,Sedan, Yes,400, Manual, Yes (Driver + Co-Driver),1198,35,15.5
Honda Brio,Honda Brio E MT (Petrol),421,Hatchback, No,175, Manual, No,1198,35,19.4
Honda Brio,Honda Brio EX MT (Petrol),443,Hatchback, No,175, Manual, No,1198,35,19.4
Honda Brio,Honda Brio S MT (Petrol),478,Hatchback, No,175, Manual, No,1198,35,19.4
Honda Brio,Honda Brio S MT Exclusive Edition (Petrol),500,Hatchback, No,175, Manual, No,1198,35,NA
Honda Brio,Honda Brio V MT (Petrol),512,Hatchback, No,175, Manual, No,1198,35,19.4
Honda Brio,Honda Brio VX MT (Petrol),552,Hatchback, Yes,175, Manual, Yes,1198,35,19.4
Honda Brio,Honda Brio VX AT (Petrol),631,Hatchback, Yes,175, Manual, Yes,1198,35,16.5
Honda City,Honda City VX Opt (Petrol),1064,Sedan, Yes,510, Manual, Yes,1497,40,17.1
Honda City,Honda City VX Opt (Diesel),1183,Sedan, Yes,510, Manual, Yes,1498,40,25.1
Honda CR-V 2014,Honda CR-V 2.0L 2WD MT (Petrol),2190,SUV, Yes,NA, Automatic, Yes,1997,58,13.7
Honda CR-V 2014,Honda CR-V 2.0L 2WD AT(Petrol),2285,SUV, Yes,NA, Automatic, Yes,1997,58,13.7
Honda CR-V 2014,Honda CR-V 2.4L 4WD AT (Petrol),2509,SUV, Yes,NA, Automatic, Yes,2354,58,12
Honda Freed,Honda Freed 1.5 (Petrol),750,MPV,NA,NA,NA,NA,1497,42,16.2
Honda Jazz,Honda jazz дус Expected Specification,756,Hatchback,NA,284,NA,NA,NA,0,16
Honda Mobilio,Honda Mobilio E i-VTEC (Petrol),675,MPV, No,NA, Manual, No,1497,42,NA
Honda Mobilio,Honda Mobilio S i-VTEC (Petrol),780,MPV, No,NA, Manual, No,1497,42,NA
Honda Mobilio,Honda Mobilio E i-DTEC (Diesel),819,MPV, Yes,NA, Manual, No,1498,42,NA
Honda Mobilio,Honda Mobilio S i-DTEC (Diesel),893,MPV, Yes,NA, Manual, No,1498,42,NA
Honda Mobilio,Honda Mobilio V i-VTEC (Petrol),906,MPV, Yes,NA, Manual, Yes,1497,42,NA
Honda Mobilio,Honda Mobilio V Opt i-VTEC (Petrol),961,MPV, Yes,NA, Manual, Yes,1497,42,NA
Honda Mobilio,Honda Mobilio V i-DTEC (Diesel),1009,MPV, Yes,NA, Manual, Yes,1498,42,NA
Honda Mobilio,Honda Mobilio V Opt i-DTEC (Diesel),1064,MPV, Yes,NA, Manual, Yes,1498,42,NA
Honda Mobilio,Honda Mobilio RS i-DTEC (Diesel),1119,MPV, Yes,NA, Manual, Yes,1498,42,NA
Honda Mobilio,Honda Mobilio RS Opt i-DTEC (Diesel),1174,MPV, Yes,NA, Manual, Yes,1498,42,NA
Hyundai Elantra,Hyundai Elantra 1.8 S (Petrol),1413,Sedan, Yes,420, Automatic, Yes,1797,56,16.3
Hyundai Elantra,Hyundai Elantra 1.6 Base (Diesel),1458,Sedan, Yes,420, Automatic, Yes,1582,56,NA
Hyundai Elantra,Hyundai Elantra 1.6 S MT (Diesel),1535,Sedan, Yes,420, Automatic, Yes,1582,56,NA
Hyundai Elantra,Hyundai Elantra 1.8 SX MT (Petrol),1541,Sedan, Yes,500, Automatic, Yes,1797,56,NA
Hyundai Elantra,Hyundai Elantra 1.8 SX AT (Petrol),1650,Sedan, Yes,420, Automatic, Yes,1797,56,NA
Hyundai Elantra,Hyundai Elantra 1.6 SX MT (Diesel),1668,Sedan, Yes,420, Automatic, Yes,1582,56,NA
Hyundai Elantra,Hyundai Elantra 1.6 SX AT (Diesel),1794,Sedan, Yes,420, Automatic, Yes,1582,56,NA
Hyundai EON,Hyundai Eon D-LITE (Petrol),302,Hatchback, No,215, No, No,814,32,21.1
Hyundai EON,Hyundai Eon D-LITE+ (Petrol),331,Hatchback, No,215, Manual, No,814,32,21.1
Hyundai EON,Hyundai Eon ERA+ (Petrol),345,Hatchback, No,215, Manual, No,814,32,21.1
Hyundai EON,Hyundai Eon Magna+ (Petrol),376,Hatchback, No,215, Manual, No,814,32,21.1
Hyundai EON,Hyundai Eon Sportz (Petrol),404,Hatchback, No,215, Manual, Yes,814,32,21.1
Hyundai Grand i10,Hyundai Grand i10 Era 1.2 Kappa VTVT (Petrol),463,Hatchback, No,256, Manual, No,1197,43,NA
Hyundai Grand i10,Hyundai Grand i10 Magna 1.2 Kappa VTVT (Petrol),483,Hatchback, No,256, Manual, No,1197,43,18.9
Hyundai Grand i10,Hyundai Grand i10 Sportz 1.2 Kappa VTVT (Petrol),522,Hatchback, No,256, Manual, No,1197,43,NA
Hyundai Grand i10,Hyundai Grand i10 Sportz AT (Petrol),538,Hatchback, No,256, Manual, No,1197,43,18.9
Hyundai Grand i10,Hyundai Grand i10 Asta 1.2 Kappa VTVT (Petrol),549,Hatchback, Opt,256, Manual, Opt,1197,43,NA
Hyundai Grand i10,Hyundai Grand i10 Era 1.1 CRDi (Diesel),549,Hatchback, No,256, Manual, No,1120,43,24
Hyundai Grand i10,Hyundai Grand i10 Magna 1.1 CRDi (Diesel),569,Hatchback, No,256, Manual, No,1120,43,24
Hyundai Grand i10,Hyundai Grand i10 Sportz 1.1 CRDi (Diesel),608,Hatchback, No,256, Manual, No,1120,43,24
Hyundai Grand i10,Hyundai Grand i10 Asta AT (Petrol),623,Hatchback, Opt,256, Manual, No,1197,43,18.9
Hyundai Grand i10,Hyundai Grand i10 Asta 1.1 CRDi (Diesel),635,Hatchback, Opt,256, Manual, Opt,1120,43,24
Hyundai i10,Hyundai Next Gen i10 1.1 iRDE2 (Petrol),418,Hatchback, No,225, Manual, No,1086,35,19.81
Hyundai i10,Hyundai Next Gen i10 1.2 Kappa2 (Petrol),449,Hatchback, Yes,250, Manual, No,1086,35,20.63
Hyundai i10,Hyundai Next Gen i10 1.2 iRDE2 (Petrol),555,Hatchback, Yes,225, Manual, No,1086,35,19.81
Hyundai i20,Hyundai Elite i20 1.2 Era (Petrol),523,Hatchback, No,NA, Manual, No,1197,45,18.6
Hyundai i20,Hyundai Elite i20 1.2 Magna (Petrol),577,Hatchback, No,NA, Manual, No,1197,45,18.6
Hyundai i20,Hyundai Elite i20 1.2 Sportz (Petrol),627,Hatchback, Yes,NA, Automatic, Yes,1197,45,18.6
Hyundai i20,Hyundai Elite i20 1.4 Era (Diesel),636,Hatchback,NA,NA, Manual, No,1396,45,22.54
Hyundai i20,Hyundai Elite i20 1.2 Sportz Opt (Petrol),663,Hatchback, Yes,NA, Automatic, Yes,1197,45,18.6
Hyundai i20,Hyundai Elite i20 1.2 Asta (Petrol),686,Hatchback, Yes,NA, Automatic, Yes,1197,45,18.6
Hyundai i20,Hyundai Elite i20 1.4 Magna (Diesel),690,Hatchback, Yes,NA, Manual, No,1396,45,22.54
Hyundai i20,Hyundai Elite i20 1.4 Sportz (Diesel),744,Hatchback, Yes,NA, Manual, Yes,1396,45,22.54
Hyundai i20,Hyundai Elite i20 1.4 Sportz Opt (Diesel),776,Hatchback, Yes,NA, Automatic, Yes,1396,45,22.54
Hyundai i20,Hyundai Elite i20 1.4 Asta (Diesel),799,Hatchback, Yes,NA, Automatic, Yes,1396,45,22.54
Hyundai i20 Active,Hyundai i20 Active Base 1.2 (Petrol),639,Hatchback, No,NA, Manual, No,1197,45,17.9
Hyundai i20 Active,Hyundai i20 Active S 1.2 (Petrol),710,Hatchback, Yes,NA, Manual, Yes,1197,45,17.19
Hyundai i20 Active,Hyundai i20 Active Base 1.4 (Diesel),763,Hatchback, No,NA, Manual, No,1396,45,21.19
Hyundai i20 Active,Hyundai i20 Active S 1.4 (Diesel),834,Hatchback, Yes,NA, Manual, Yes,1396,45,21.9
Hyundai i20 Active,Hyundai i20 Active SX 1.4 (Diesel),889,Hatchback, Yes,NA, Automatic, Yes,1396,45,21.19
Hyundai New Santa FE,Hyundai New Santa Fe 2WD MT (Diesel),2684,SUV, Yes,NA, Manual, Yes,2199,64,NA
Hyundai New Santa FE,Hyundai New Santa Fe 2WD AT (Diesel),2807,SUV, Yes,NA, Automatic, Yes,2199,64,NA
Hyundai New Santa FE,Hyundai New Santa Fe 4WD AT (Diesel),3017,SUV, Yes,NA, Automatic, Yes,2199,64,NA
Hyundai Sonata,Hyundai Sonata 2.4 GDi MT (Petrol),1921,Sedan, Yes,500, Automatic, Yes,2359,70,13.08
Hyundai Sonata,Hyundai Sonata 2.4 GDi AT (Petrol),2129,Sedan, Yes,500, Automatic, Yes,2359,70,12.2
Hyundai Verna,Hyundai 1.4L Gamma VTVT Base 4S Fluidic Verna (Petrol),774,Sedan, Yes,465, Manual, No,1396,43,17.43
Hyundai Verna,Hyundai 1.6L Gamma MPi VTVT S 4S Fluidic Verna (Petrol),885,Sedan, Yes,465, Automatic, Yes,1591,43,17.01
Hyundai Verna,Hyundai 1.4L U2 CRDi Base 4S Fluidic Verna (Diesel),895,Sedan, Yes,465, Manual, No,1396,43,24.8
Hyundai Verna,Hyundai 1.6L Gamma MPi VTVT S Opt 4S Fluidic Verna (Petrol),938,Sedan, Yes,465, Automatic, Yes,1591,43,17.01
Hyundai Verna,Hyundai 1.6L U2 CRDi VGT S 4S Fluidic Verna (Diesel),1000,Sedan, Yes,465, Automatic, No,1582,43,23.9
Hyundai Verna,Hyundai 1.6L Gamma MPi VTVT AT S Opt 4S Fluidic Verna (Petrol),1011,Sedan, Yes,NA, Automatic, Yes,1591,43,17.1
Hyundai Verna,Hyundai 1.6L Gamma MPi VTVT SX 4S Fluidic Verna (Petrol),1016,Sedan, Yes,465, Automatic, Yes,1591,43,17.01
Hyundai Verna,Hyundai 1.6L U2 CRDi VGT S Opt 4S Fluidic Verna (Diesel),1059,Sedan, Yes,465, Automatic, Yes,1582,43,23.9
Hyundai Verna,Hyundai 1.6L U2 CRDi VGT SX 4S Fluidic Verna (Diesel),1147,Sedan, Yes,NA, Manual, Yes,1582,43,19.08
Hyundai Verna,Hyundai 1.6L U2 CRDi VGT AT SX 4S Fluidic Verna (Diesel),1220,Sedan, Yes,NA, Automatic, Yes,1582,43,21.3
Hyundai Xcent,Hyundai Xcent Base 1.2 (Petrol),496,Sedan, No,407, Manual, No,1197,43,19.1
Hyundai Xcent,Hyundai Xcent S 1.2 (Petrol),564,Sedan, Opt,407, Manual, No,1197,43,19.1
Hyundai Xcent,Hyundai Xcent Base 1.1 CRDi (Diesel),585,Sedan, No,407, Manual, No,1120,43,24.4
Hyundai Xcent,Hyundai Xcent S 1.2 Opt (Petrol),590,Sedan, Opt,407, Manual, No,1197,43,19.1
Hyundai Xcent,Hyundai Xcent S 1.1 CRDi (Diesel),654,Sedan, Opt,407, Manual, No,1120,43,24.4
Hyundai Xcent,Hyundai Xcent SX 1.2 (Petrol),658,Sedan, Opt,407, Automatic, Yes,1197,43,19.1
Hyundai Xcent,Hyundai Xcent S 1.1 CRDi Opt (Diesel),680,Sedan, Opt,407, Manual, No,1120,43,24.4
Hyundai Xcent,Hyundai Xcent SX 1.2 Opt (Petrol),684,Sedan, Opt,407, Automatic, Yes,1197,43,19.1
Hyundai Xcent,Hyundai Xcent SX 1.1 CRDi (Diesel),748,Sedan, Opt,407, Automatic, Yes,1120,43,24.4
Hyundai Xcent,Hyundai Xcent SX AT 1.2 Opt (Petrol),759,Sedan, Opt,407, Automatic, Yes,1197,43,19.1
Hyundai Xcent,Hyundai Xcent SX 1.1 CRDi Opt (Diesel),774,Sedan, Opt,407, Automatic, Yes,1120,43,24.4
Isuzu MU 7,Isuzu MU 7 2WD (Diesel),2195,SUV, Yes,300, Manual, Yes,2999,76,10.3
Jaguar F-Type,Jaguar F-Type V6 S Convertible (Petrol),14937,Convertible, Yes,196, Automatic, Yes,2995,72,NA
Jaguar F-Type,Jaguar F-Type V8 S Convertible (Petrol),17483,Convertible, Yes,196, Automatic, Yes,5000,72,NA
Jaguar F-Type Coupe,Jaguar F-Type Coupe (Petrol),12200,Coupe, Yes,407, Automatic, Yes,2995,72,NA
Jaguar F-Type Coupe,Jaguar F-Type S Coupe (Petrol),13400,Coupe, Yes,407, Automatic, Yes,2995,72,NA
Jaguar F-Type Coupe,Jaguar F-Type R Coupe (Petrol),18200,Coupe, Yes,407, Automatic, Yes,5000,72,NA
Jaguar XF,Jaguar XF 2.2 Executive Edition (Diesel),4512,Sedan, Yes,462, Automatic, Yes,2179,70,16.3
Jaguar XF,Jaguar XF Petrol V8 (Petrol),4865,Sedan, Yes,510, Automatic, Yes,5000,70,11.6
Jaguar XF,Jaguar XF 2.2 Luxury (Diesel),4876,Sedan, Yes,462, Automatic, Yes,2179,70,16.3
Jaguar XF,Jaguar XF Aero Sport Edition,5200,Sedan, Yes,540, Automatic, Yes,NA,68,16.36
Jaguar XF,Jaguar XF S V6 (Diesel),5480,Sedan, Yes,462, Automatic, Yes,2993,70,14.7
Jaguar XF,Jaguar XF Petrol R V8 (Petrol),7421,Sedan, Yes,510, Automatic, Yes,5000,70,11.6
Jaguar XJ,Jaguar XJ 2.0L LWB (Petrol),9375,Sedan, Yes,520, Automatic, Yes,1999,82,9.4
Jaguar XJ,Jaguar XJ 3.0L Turbocharged LWB (Diesel),9921,Sedan, Yes,520, Automatic, Yes,2993,82,13.5
Car Specification,Jaguar XK R V8 Coupe (Petrol),9515,Coupe, Yes,200, Automatic, Yes,5000,70.6,5.9
Car Specification,Jaguar XK R V8 Convertible (Petrol),10020,Coupe, Yes,200, Automatic, Yes,5000,70.6,5.9
Car Specification,Jaguar XK R V8 Coupe Spl (Petrol),12175,Coupe, Yes,200, Automatic, Yes,5000,70.6,5.9
Car Specification,Jaguar XK R V8 Convertible Spl (Petrol),12500,Coupe, Yes,NA, Automatic, Yes,5000,70.6,5.9
Car Specification,Jaguar XK RS (Petrol),13944,Coupe, Yes,200, Automatic, Yes,5000,70.6,5.9
Lamborghini Huracan,Lamborghini Huracan LP 610-4 (Petrol),34300,Convertible, Yes,NA, Automatic, Yes,5204,90,NA
Land Rover Discovery 4,Land Rover Discovery 4 3.0L TDV6 SE (Diesel),10800,SUV, Yes,600, Automatic, Yes,2993,65,11.8
Land Rover Freelander 2,Land Rover Freelander 2 SE (Diesel),3919,SUV, Yes,800, Automatic, Yes,2179,68,12.39
Land Rover Freelander 2,Land Rover Freelander 2 HSE (Diesel),4443,SUV, Yes,800, Automatic, Yes,2179,68,12.39
Land Rover Range Rover,Land Rover Range Rover 3.0 V6 Diesel Vogue (Diesel),18300,SUV, Yes,700, Automatic, Yes,2993,85,11.6
Land Rover Range Rover,Land Rover Range Rover 4.4 SDV8 Vogue SE (Diesel),21800,SUV, Yes,700, Automatic, Yes,4367,105,11.49
Land Rover Range Rover,Land Rover Range Rover 4.4 SDV8 Autobiography (Diesel),22500,SUV, Yes,700, Automatic, Yes,4367,105,11.49
Land Rover Range Rover,Land Rover Range Rover 5.0 Supercharged V8 (Petrol),23200,SUV, Yes,700, Automatic, Yes,4999,105,9.6
Land Rover Range Rover,Land Rover Range Rover LWB Autobiography Black Edition(Diesel),37500,SUV, Yes,909, Automatic, Yes,4367,65,13.15
Land Rover Range Rover,Land Rover Range Rover LWB Autobiography Black Edition(Petrol),38500,SUV, Yes,909, Automatic, Yes,4999,65,10.1
Land Rover Range Rover Evoque,Land Rover Range Rover Evoque Pure SD4 (Diesel),5499,SUV, Yes,500, Automatic, Yes,2179,57,13.32
Land Rover Range Rover Evoque,Land Rover Range Rover Evoque Dynamic SD4 (Diesel),6299,SUV, Yes,500, Automatic, Yes,2179,57,13.32
Land Rover Range Rover Evoque,Land Rover Range Rover Evoque Prestige SD4 (Diesel),6386,SUV, Yes,500, Automatic, Yes,2179,57,13.32
Land Rover Range Rover Evoque,Land Rover Range Rover Evoque Dynamic Si4 Coupe (Petrol),9550,SUV, Yes,500, Automatic, Yes,1999,57,8.7
Land Rover Range Rover Sport,Land Rover Range Rover Sport SE (Diesel),12505,SUV, Yes,500, Automatic, Yes,2993,70,14.07
Land Rover Range Rover Sport,Land Rover Range Rover Sport 3.0 TDV6 HSE (Diesel),14400,SUV, Yes,700, Automatic, Yes,2993,70,12.35
Land Rover Range Rover Sport,Land Rover Range Rover Sport 5.0 V8 Supercharged (Petrol),16600,SUV, Yes,700, Automatic, Yes,5000,70,22.08
Mahindra Bolero,Mahindra Bolero SLE (Diesel),731,SUV, No,550, Manual, No,2523,60,15.96
Mahindra Bolero,Mahindra Bolero SLX (Diesel),784,SUV, No,550, Manual, No,2523,60,15.96
Mahindra Bolero,Mahindra Bolero ZLX (Diesel),801,SUV, No,550, Manual, No,2523,60,15.96
Mahindra e2o,Mahindra e2o T2,593,Hatchback, No,NA, Automatic, No,NA,0,NA
Mahindra e2o,Mahindra e2o T20 (Electric),643,Hatchback,NA,NA,NA,NA,NA,0,NA
Mahindra Quanto,Mahindra Quanto C2 (Diesel),642,SUV, No,400, Manual, No,1493,0,NA
Mahindra Quanto,Mahindra Quanto C4 (Diesel),730,SUV, No,400, Manual, No,1493,0,NA
Mahindra Quanto,Mahindra Quanto C6 (Diesel),776,SUV, Yes,400, Manual, No,1493,0,NA
Mahindra Quanto,Mahindra Quanto C8 (Diesel),827,SUV, Yes,400, Manual, Yes,1493,0,NA
Mahindra Scorpio,Mahindra Scorpio S2 (Diesel),869,SUV, No,NA, Manual, No,2523,60,NA
Mahindra Scorpio,Mahindra Scorpio S4 (Diesel),930,SUV, No,NA, Manual, No,2179,60,12.05
Mahindra Scorpio,Mahindra Scorpio S6 (Diesel),1048,SUV, Yes,NA, Manual, No,2179,60,12.05
Mahindra Scorpio,Mahindra Scorpio S6 PLUS (Diesel),1080,SUV, Yes,NA, Manual, No,2179,60,12.05
Mahindra Scorpio,Mahindra Scorpio S4 4WD (Diesel),1084,SUV, No,NA, Manual, No,2179,60,12.05
Mahindra Scorpio,Mahindra Scorpio S8 (Diesel),1168,SUV, Yes,NA, Manual, No,2179,60,12.05
Mahindra Scorpio,Mahindra Scorpio S10 (Diesel),1233,SUV, Yes,NA, Automatic, Yes,2179,60,12.05
Mahindra Scorpio,Mahindra Scorpio S10 4WD (Diesel),1345,SUV, Yes,NA, Automatic,NA,2179,60,12.05
Mahindra Thar,Mahindra Thar DI 2WD (Diesel),476,SUV, No,600, Manual, No,2523,45,NA
Mahindra Thar,Mahindra Thar DI 4WD (Diesel),526,SUV, No,600, No, No,2523,45,NA
Mahindra Thar,Mahindra Thar CRDe 4WD (Diesel),735,SUV, No,600, No, No,2498,60,NA
Mahindra Verito,Mahindra Verito 1.5 D2 BS-III (Diesel),673,Sedan, No,510, Manual, No,1461,50,NA
Mahindra Verito,Mahindra Verito 1.5 D4 BS-III (Diesel),696,Sedan, No,510, Manual, No,1461,50,NA
Mahindra Verito,Mahindra Verito 1.5 D6 BS-III (Diesel),766,Sedan, Yes,510, Manual, Yes,1461,50,NA
Mahindra Verito,Mahindra Verito 1.5 D6 BS-IV EXECUTIVE (Diesel),776,Sedan, Yes,510, Manual, Yes,1461,50,NA
Mahindra Verito Vibe,Mahindra Verito Vibe (CS) 1.5 D2 (Diesel),601,Hatchback, No,330, Manual, No,1461,50,NA
Mahindra Verito Vibe,Mahindra Verito Vibe (CS) 1.5 D4 (Diesel),628,Hatchback, No,330, Manual, No,1461,50,NA
Mahindra Verito Vibe,Mahindra Verito Vibe (CS) 1.5 D6 (Diesel),691,Hatchback, Yes,330, Manual, Yes,1461,50,NA
Mahindra XUV500,Mahindra XUV500 W4 (Diesel),1121,SUV, Yes,930, Manual, Yes,2179,70,15.1
Mahindra XUV500,Mahindra XUV500 W6 (Diesel),1248,SUV, Yes,930, Manual, Yes,2179,70,15.1
Mahindra XUV500,Mahindra XUV500 W8 (Diesel),1418,SUV, Yes,930, Automatic, Yes,2179,70,15.1
Mahindra XUV500,Mahindra XUV-500 Xclusive Edition (Diesel),1449,SUV, Yes,NA, Automatic, Yes,2179,70,14
Mahindra XUV500,Mahindra XUV500 W8 AWD (Diesel),1499,SUV, Yes,930, Automatic, Yes,2179,70,15.1
Mahindra XUV500,Mahindra XUV500 W10(Diesel),1499,SUV, Yes,NA, Automatic, Yes,2179,70,15.1
Mahindra XUV500,Mahindra XUV500 W10-AWD(Diesel),1599,SUV, Yes,NA, Automatic, Yes,2179,70,15.1
Mahindra Xylo,Mahindra Xylo D2 BS-III (Diesel),808,SUV, Opt,900, Manual, No,2489,55,NA
Mahindra Xylo,Mahindra Xylo D2 BS-IV (Diesel),810,SUV, Yes,900, Manual, Opt,2489,55,NA
Mahindra Xylo,Mahindra Xylo D4 BS-III (Diesel),841,SUV, No,900, Manual, Opt,2489,55,NA
Mahindra Xylo,Mahindra Xylo D4 BS-IV (Diesel),850,SUV, No,900, Manual, Opt,2489,55,NA
Mahindra Xylo,Mahindra Xylo H4 BS IV (Diesel),897,SUV, No,900, Manual, No,2179,55,NA
Mahindra Xylo,Mahindra Xylo H4 ABS BS IV (Diesel),921,SUV, Yes,900, Manual, No,2179,55,NA
Mahindra Xylo,Mahindra Xylo H8 ABS BS IV (Diesel),1023,SUV, Yes,900, Manual, Opt,2179,55,NA
Mahindra Xylo,Mahindra Xylo H8 ABS Airbag BS IV (Diesel),1063,SUV, Yes,900, Manual, Yes,2179,55,NA
Mahindra Xylo,Mahindra Xylo H9 BS IV (Diesel),1149,SUV, Yes,900, Manual, Yes,2179,55,NA
Maruti Suzuki Alto,Maruti Suzuki New Alto K10 LX (Petrol),315,Hatchback, No,NA, Manual, No,998,35,24.07
Maruti Suzuki Alto,Maruti Suzuki New Alto K10 LXi (Petrol),331,Hatchback, No,NA, Manual, No,998,35,24.07
Maruti Suzuki Alto,Maruti Suzuki New Alto K10 VXi (Petrol),348,Hatchback, No,NA, Manual, No,998,35,24.07
Maruti Suzuki Alto,Maruti Suzuki New Alto K10 VXi Opt (Petrol),368,Hatchback, No,NA, Manual, No,998,35,24.07
Maruti Suzuki Alto,Maruti Suzuki New Alto K10 VXi AT (Petrol),392,Hatchback, No,NA, Manual, No,998,35,24.07
Maruti Suzuki Alto,Maruti Suzuki New Alto K10 LXi (CNG),394,Hatchback, No,NA, Manual, Yes,998,0,NA
Maruti Suzuki Alto 800,Maruti Suzuki Alto 800 Std (Petrol),248,Hatchback, No,177, No, No,796,35,22.74
Maruti Suzuki Alto 800,Maruti Suzuki Alto 800 Lx (Petrol),284,Hatchback, No,177, Manual, No,796,35,22.74
Maruti Suzuki Alto 800,Maruti Suzuki Alto 800 Lx Base (Petrol),288,Hatchback, No,177, Manual, No,796,35,22.74
Maruti Suzuki Alto 800,Maruti Suzuki Alto 800 Lxi (Petrol),298,Hatchback, No,177, Manual, No,796,35,22.74
Maruti Suzuki Alto 800,Maruti Suzuki Alto 800 Vxi (Petrol),321,Hatchback, No,177, Manual, No,796,35,22.74
Maruti Suzuki Alto 800,Maruti Suzuki Alto 800 Lxi Airbag (Petrol),323,Hatchback, No,177, Manual, Yes,796,35,22.74
Maruti Suzuki Alto 800,Maruti Suzuki Alto 800 Lx (CNG),331,Hatchback, No,177, Manual, No,796,35,NA
Maruti Suzuki Alto 800,Maruti Suzuki Alto 800 Vxi Airbag (Petrol),339,Hatchback, No,177, Manual, Yes,796,35,22.74
Maruti Suzuki Alto 800,Maruti Suzuki Alto 800 Base (CNG),364,Hatchback, No,177, No, No,796,35,NA
Maruti Suzuki Alto 800,Maruti Suzuki Alto 800 Lxi (CNG),368,Hatchback, No,177, Manual, No,796,35,NA
Maruti Suzuki EECO,Maruti Suzuki Eeco 5 STR (Petrol),311,MUV, No,NA, No, No,1196,40,15.1
Maruti Suzuki EECO,Maruti Suzuki Eeco 5 STR WITH A/C (Petrol),341,MUV, No,NA, Manual, No,1196,40,15.1
Maruti Suzuki Ertiga,Maruti Suzuki Ertiga LXi (Petrol),603,MUV, No,135, Manual, No,1373,45,16.02
Maruti Suzuki Ertiga,Maruti Suzuki Ertiga дус VXi (Petrol),682,MUV, No,135, Manual, No,1373,45,16.02
Maruti Suzuki Ertiga,Maruti Suzuki Ertiga дус VXi ABS (Petrol),690,MUV, Yes,NA, Manual, No,1248,45,20.77
Maruti Suzuki Ertiga,Maruti Suzuki Ertiga дус LDi (Diesel),750,MUV, Yes,NA, Manual, Yes,1248,45,20.8
Maruti Suzuki Ertiga,Maruti Suzuki Ertiga дус ZXi (Petrol),763,MUV, Yes,NA, Manual, No,1373,45,16.02
Maruti Suzuki Ertiga,Maruti Suzuki Ertiga дус VDi (Diesel),815,MUV, No,NA, Manual, No,1248,45,22.77
Maruti Suzuki Ertiga,Maruti Suzuki Ertiga дус ZDi (Diesel),881,MUV, Yes,NA, Manual, Yes,1248,45,22.77
Maruti Suzuki Estilo,Maruti Suzuki Estilo LX BS-IV (Petrol),338,Hatchback, No,212, Manual, No,998,35,19
Maruti Suzuki Estilo,Maruti Suzuki Estilo LXi BS-IV (Petrol),369,Hatchback, No,212, Manual, No,998,35,19
Maruti Suzuki Estilo,Maruti Suzuki Estilo VXi BS-IV (Petrol),421,Hatchback, Yes,212, Manual, Yes,998,35,19
Maruti Suzuki Grand Vitara,Maruti Suzuki Grand Vitara 2.4 MT (Petrol),2140,SUV, Yes,398, Automatic, Yes,2393,66,10.4
Maruti Suzuki Grand Vitara,Maruti Suzuki Grand Vitara 2.4 AT (Petrol),2319,SUV, Yes,398, Automatic, Yes,2393,66,9.24
Maruti Suzuki Gypsy King,Maruti Suzuki Gypsy King ST BS-IV (Petrol),600,SUV, No,350, No, No,1298,40,11.96
Maruti Suzuki Gypsy King,Maruti Suzuki Gypsy King HT BS-IV (Petrol),615,SUV, No,350, No, No,1298,40,11.96
Maruti Suzuki Kizashi,Maruti Suzuki Kizashi MT (Petrol),1720,Sedan, Yes,461, Automatic, Yes,2393,63,12.45
Maruti Suzuki Kizashi,Maruti Suzuki Kizashi CVT (Petrol),1824,Sedan, Yes,461, Automatic, Yes,2393,63,10
Maruti Suzuki Swift,Maruti Suzuki Swift LXi (Petrol),462,Hatchback, No,NA, Manual, No,1197,42,NA
Maruti Suzuki Swift,Maruti Suzuki Swift LXi Opt (Petrol),469,Hatchback, No,NA, Manual, No,1197,42,NA
Maruti Suzuki Swift,Maruti Suzuki Swift Windsong Limited Edition VXI (Petrol),519,Hatchback, No,204, Manual, No,1197,42,20.4
Maruti Suzuki Swift,Maruti Suzuki Swift VXi (Petrol),530,Hatchback, No,NA, Manual, No,1197,42,NA
Maruti Suzuki Swift,Maruti Suzuki Swift LDi (Diesel),580,Hatchback, No,NA, Automatic, No,1248,42,25.2
Maruti Suzuki Swift,Maruti Suzuki Swift Windsong Limited Edition VDI (Diesel),614,Hatchback, Yes,204, Manual, No,1248,42,25.2
Maruti Suzuki Swift,Maruti Suzuki Swift ZXi (Petrol),615,Hatchback, Yes,NA, Automatic, Yes,1197,42,NA
Maruti Suzuki Swift,Maruti Suzuki Swift VDi (Diesel),626,Hatchback, No,NA, Manual, No,1248,42,25.2
Maruti Suzuki Swift,Maruti Suzuki Swift ZDi (Diesel),724,Hatchback, Yes,NA, Automatic, Yes,1248,42,25.2
Maruti Suzuki Omni,Maruti Suzuki Omni 5 STR BS-IV (Petrol),252,MUV, No,NA, No, No,796,36,14.07
Maruti Suzuki Omni,Maruti Suzuki Omni E 8 STR BS-IV (Petrol),253,MUV, No,NA, No, No,796,36,14.07
Maruti Suzuki Omni,Maruti Suzuki Omni LPG BS-III (LPG),256,MUV, No,NA, No, No,796,36,10.9
Maruti Suzuki Ritz,Maruti Suzuki Ritz Lxi BS-IV (Petrol),442,Hatchback, No,236, Manual, No,1248,43,18.5
Maruti Suzuki Ritz,Maruti Suzuki Ritz Vxi BS-IV (Petrol),477,Hatchback, Opt,236, Manual, No,1197,43,18.5
Maruti Suzuki Ritz,Maruti Suzuki Ritz Zxi BS-IV (Petrol),537,Hatchback, Yes,236, Manual, No,1197,43,18.5
Maruti Suzuki Ritz,Maruti Suzuki Ritz Ldi BS-IV (Diesel),550,Hatchback, No,178, Manual, No,1248,43,23.2
Maruti Suzuki Ritz,Maruti Suzuki Ritz Vdi BS-IV (Diesel),583,Hatchback, Opt,NA, Manual, No,1248,43,23.2
Maruti Suzuki Ritz,Maruti Suzuki Ritz Zdi BS-IV (Diesel),616,Hatchback, Yes,236, Manual, No,1248,43,23.2
Maruti Suzuki Celerio,Maruti Suzuki Celerio LXi MT (Petrol),392,Hatchback, No,235, Manual, No,998,35,NA
Maruti Suzuki Celerio,Maruti Suzuki Celerio VXi MT (Petrol),422,Hatchback, No,235, Manual, No,998,35,NA
Maruti Suzuki Celerio,Maruti Suzuki Celerio LXi AT (Petrol),437,Hatchback, No,235, Manual, No,998,35,NA
Maruti Suzuki Celerio,Maruti Suzuki Celerio ZXi MT (Petrol),452,Hatchback, No,235, Manual, Yes,998,35,NA
Maruti Suzuki Celerio,Maruti Suzuki Celerio LDi(Diesel),465,Hatchback, No,235, Manual, No,793,35,27.62
Maruti Suzuki Celerio,Maruti Suzuki Celerio VXi AT (Petrol),467,Hatchback, No,235, Manual, No,998,35,NA
Maruti Suzuki Celerio,Maruti Suzuki Celerio Green VXi (CNG),487,Hatchback, No,235, Manual, No,998,35,30
Maruti Suzuki Celerio,Maruti Suzuki Celerio VDi(Diesel),495,Hatchback, No,235, Manual, No,793,35,27.62
Maruti Suzuki Celerio,Maruti Suzuki Celerio ZXi дус Opt MT (Petrol),498,Hatchback, Yes,235, Manual, Yes,998,35,NA
Maruti Suzuki Celerio,Maruti Suzuki Celerio ZXI AMT(Petrol),500,Hatchback, No,235, Manual, Yes,NA,35,19
Maruti Suzuki Celerio,Maruti Suzuki Celerio ZDi(Diesel),525,Hatchback, No,235, Manual, Yes,793,35,27.62
Maruti Suzuki Celerio,Maruti Suzuki Celerio ZDi Opt(Diesel),571,Hatchback, Yes,235, Manual, Yes,793,35,27.62
Maruti Suzuki Ciaz,Maruti Suzuki Ciaz VXi (Petrol),725,Sedan, No,510, Manual, No,1373,43,20.73
Maruti Suzuki Ciaz,Maruti Suzuki Ciaz VXi plus (Petrol),783,Sedan, Yes,510, Manual, No,1373,43,20.73
Maruti Suzuki Ciaz,Maruti Suzuki Ciaz VDi (Diesel),834,Sedan, No,510, Manual, No,1248,43,26.21
Maruti Suzuki Ciaz,Maruti Suzuki Ciaz ZXi (Petrol),854,Sedan, Yes,510, Manual,NA,1373,43,20.73
Maruti Suzuki Ciaz,Maruti Suzuki Ciaz ZXi Opt (Petrol),890,Sedan, Yes,510, Automatic, Yes,1373,43,20.73
Maruti Suzuki Ciaz,Maruti Suzuki Ciaz VDi plus (Diesel),895,Sedan, Yes,510, Manual,NA,1248,43,26.21
Maruti Suzuki Ciaz,Maruti Suzuki Ciaz VXi plus AT (Petrol),897,Sedan, Yes,510, Automatic, Yes,1373,43,19.12
Maruti Suzuki Ciaz,Maruti Suzuki Ciaz ZXI Plus (Petrol),912,Sedan, Yes,510, Automatic, Yes,1373,43,20.73
Maruti Suzuki Ciaz,Maruti Suzuki Ciaz ZXi AT (Petrol),968,Sedan, Yes,510, Automatic, Yes,1373,43,19.12
Maruti Suzuki Ciaz,Maruti Suzuki Ciaz ZDi (Diesel),979,Sedan, Yes,510, Automatic, Yes,1248,43,26.21
Maruti Suzuki Ciaz,Maruti Suzuki Ciaz ZDi Plus (Diesel),1041,Sedan, Yes,510, Automatic, Yes,1248,43,26.21
Maruti Suzuki Swift DZire,Maruti Suzuki Swift DZire LXI (Petrol),508,Sedan, No,320, Manual, No,1197,42,19.1
Maruti Suzuki Swift DZire,Maruti Suzuki Swift Dzire LXI Opt (Petrol),520,Sedan, No,320, Manual, No,1197,42,20.85
Maruti Suzuki Swift DZire,Maruti Suzuki Swift DZire VXi (Petrol),585,Sedan, No,320, Manual, No,1197,42,19.1
Maruti Suzuki Swift DZire,Maruti Suzuki Swift DZire LDI (Diesel),600,Sedan, No,320, Manual, No,1248,42,23.4
Maruti Suzuki Swift DZire,Maruti Swift Dzire VXI AT (Petrol),661,Sedan, Yes,320, Automatic, No,1197,42,17.4
Maruti Suzuki Swift DZire,Maruti Suzuki Swift DZire ZXI (Petrol),680,Sedan, Yes,320, Automatic, No,1197,42,19.1
Maruti Suzuki Swift DZire,Maruti Suzuki Swift DZire VDi (Diesel),685,Sedan, No,320, Manual, No,1248,42,23.4
Maruti Suzuki Swift DZire,Maruti Swift Dzire ZDI (Diesel),781,Sedan, Yes,320, Automatic, Yes,1248,42,23.4
Maruti Suzuki SX4,Maruti Suzuki SX4 Vxi (Petrol),715,Sedan, No,505, Manual, No,1586,50,16.51
Maruti Suzuki SX4,Maruti Suzuki SX4 VXi (CNG),774,Sedan, Yes,505, Manual, No,1586,75,22.01
Maruti Suzuki SX4,Maruti Suzuki SX4 ZXi (Petrol),798,Sedan, Yes,505, Manual, Yes,1586,50,16.51
Maruti Suzuki SX4,Maruti Suzuki SX4 VDi (Diesel),806,Sedan, No,505, Manual, No,1248,50,21.5
Maruti Suzuki SX4,Maruti Suzuki SX4 ZXi (Opt) (Petrol),854,Sedan, Yes,505, Automatic, Yes,1586,50,16.51
Maruti Suzuki SX4,Maruti Suzuki SX4 ZDi (Diesel),898,Sedan, Yes,505, Automatic, Yes,1248,50,21.79
Maruti Suzuki Wagon-R,Maruti Wagon R LX (Petrol),363,Hatchback, No,180, Manual, No,998,35,20.5
Maruti Suzuki Wagon-R,Maruti Wagon R LXI (Petrol),395,Hatchback, No,180, Manual, No,998,35,20.5
Maruti Suzuki Wagon-R,Maruti Wagon R VXI (Petrol),420,Hatchback, Yes,180, Manual, Opt,998,35,20.5
Maruti Suzuki Wagon-R,Maruti Wagon R LXI (CNG),449,Hatchback, No,180, Manual, No,998,35,26.6
Maruti Suzuki Wagon-R,Maruti Wagon R VXI with ABS (Petrol),452,Hatchback, Yes,180, Manual, Opt,998,35,20.5
Maruti Suzuki WagonR Stingray,Maruti Suzuki WagonR Stingray LXI (Petrol),417,Hatchback, No,NA, Manual, No,998,35,20.51
Maruti Suzuki WagonR Stingray,Maruti Suzuki WagonR Stingray VXI (Petrol),445,Hatchback, No,NA, Manual, No,998,35,20.51
Maruti Suzuki WagonR Stingray,Maruti Suzuki WagonR Stingray VXI Optional (Petrol),474,Hatchback, Yes,NA, Manual, Yes,998,35,20.51
Mercedes Benz C Class,Mercedes-Benz C-Class C 220 CDI Style (Diesel),3990,Sedan, Yes,480, Automatic, Yes,2143,0,NA
Mercedes Benz C Class,Mercedes-Benz C Class C200 (Petrol),4090,Sedan, Yes,480, Automatic, Yes,1991,66,14.74
Mercedes-Benz A-Class,Mercedes-Benz A-Class A180 CDI (Diesel),2329,SUV, Yes,341, Automatic, Yes,2143,50,20.6
Mercedes-Benz A-Class,Mercedes-Benz A-Class A180 Sport (Petrol),2409,SUV, Yes,341, Automatic, Yes,1595,50,15.5
Mercedes-Benz CLA 45 AMG,Mercedes-Benz CLA 45 AMG (Petrol),6850,Sedan,NA,470,NA,NA,1991,0,NA
Mercedes-Benz B-class,Mercedes-Benz B-Class B180 Sport (Petrol),2795,SUV, Yes,488, Automatic, Yes,1595,50,NA
Mercedes-Benz B-class,Mercedes-Benz B-Class B200 CDI Sport (Diesel),2895,SUV, Yes,488, Automatic, Yes,2143,50,11.5
Mercedes-Benz CLA,Mercedes-Benz CLA 200 CDI Style (Diesel),3150,Sedan, Yes,470, Automatic, Yes,1991,0,13
Mercedes-Benz CLA,Mercedes-Benz CLA 200 Sport (Petrol),3500,Sedan, Yes,470, Automatic, Yes,1991,7.8,NA
Mercedes-Benz CLA,Mercedes-Benz CLA 200 CDI Sport (Diesel),3590,Sedan, Yes,470, Automatic, Yes,2143,0,13
Mercedes-Benz CLS,Mercedes-Benz CLS-Class 250 CDI,7650,Coupe, Yes,475, Automatic, Yes,2143,80,9.26
Mercedes-Benz E-Class,Mercedes-Benz E-Class E 200 CGI (Petrol),4850,Sedan, Yes,540, Automatic, Yes,1991,80,12
Mercedes-Benz E-Class,Mercedes-Benz E-Class 2016 E 250 CDI Avantgrade (Diesel),5070,Sedan, Yes,540, Automatic, Yes,2143,80,13
Mercedes-Benz E-Class,Mercedes-Benz E-Class E 350 CDI (Diesel),5990,Sedan, Yes,540, Automatic, Yes,2987,80,13
Mercedes-Benz E-Class,Mercedes-Benz E400 Cabriolet (Petrol),7850,Convertible, Yes,390, Automatic, Yes,2996,66,10
Mercedes-Benz E-Class,Mercedes-Benz E-Class E63 AMG (Petrol),12900,Sedan, Yes,540, Automatic, Yes,5461,80,8.5
Mercedes-Benz G-Class,Mercedes-Benz G-Class G 63 AMG (Petrol),13978,SUV, Yes,500, Automatic, Yes,5461,96,9.5
Mercedes-Benz GL,Mercedes-Benz GL 350 CDI (Diesel),7758,SUV, Yes,680, Automatic, Yes,2987,100,12
Mercedes-Benz GL,Mercedes-Benz GL 63 AMG (Petrol),16000,SUV, Yes,620, Automatic, Yes,5461,100,12
Mercedes-Benz GLA,Mercedes-Benz GLA 200 CDI Style (Diesel),3275,SUV, Yes,475, Automatic, Yes,2143,66,17.7
Mercedes-Benz GLA,Mercedes-Benz GLA 200 Sport (Petrol),3600,SUV, Yes,475, Automatic, Yes,1991,66,13.8
Mercedes-Benz GLA,Mercedes-Benz GLA 200 CDI Sport (Diesel),3690,SUV, Yes,475, Automatic, Yes,2143,66,17.7
Mercedes-Benz GLA,Mercedes-Benz GLA 45 AMG 4MATIC (Petrol),6960,SUV, Yes,421, Automatic, Yes,1991,70,13.8
Mercedes-Benz M-Class,Mercedes-Benz M-Class ML 250 CDI BlueEfficiency (Diesel),5490,SUV, Yes,620, Automatic, Yes,2143,70,14
Mercedes-Benz M-Class,Mercedes-Benz M-Class ML 350 CDI BlueEfficiency (Diesel),6555,SUV, Yes,620, Automatic, Yes,2997,70,14
Mercedes-Benz R-Class,Mercedes-Benz R-Class R350 4MATIC (Petrol),7168,SUV, Yes,633, Automatic, Yes,3496,80,8.4
Mercedes-Benz S-Class,Mercedes Benz S Class S 350 CDI (Diesel),10700,Sedan, Yes,530, Automatic, Yes,2987,70,13.5
Mercedes-Benz S-Class,Mercedes Benz S Class S 500 L (Petrol),15700,Sedan, Yes,560, Automatic, Yes,4663,90,NA
Mercedes-Benz SL,Mercedes-Benz SL 350 (Petrol),9850,Sedan, Yes,235, Automatic, Yes,3498,80,8.1
Mercedes-Benz SLK-Class,Mercedes-Benz SLK-Class SLK 350 Blue Efficiency (Petrol),8378,Sedan, Yes,335, Automatic, Yes,3498,60,NA
Mercedes-Benz SLK-Class,Mercedes-Benz SLK-Class SLK 55 AMG (Petrol),12600,Coupe, Yes,335, Automatic, Yes,5461,70,NA
Mercedes-Benz SLS,Mercedes-Benz SLS AMG Coupe (Petrol),25200,Sedan, Yes,335, Automatic, Yes,6208,85,10.7
Mini Cooper,Mini Cooper D 3 Door (Diesel),3185,Hatchback, Yes,278, Automatic, Yes,1496,44,21.15
Mini Cooper,Mini Cooper 1.6 (Petrol),3320,Hatchback, Yes,160, Automatic, Yes,1598,40,15
Mini Cooper,Mini Cooper D 5 Door (Diesel),3520,Hatchback, Yes,278, Automatic, Yes,1496,44,21.15
Mini Cooper Convertible,Mini Cooper Convertible 1.6 (Petrol),3320,Hatchback, Yes,125, Automatic, Yes,1598,40,15.5
Car Specification,Mini Cooper Countryman One (Petrol),2370,Hatchback, Yes,160, Automatic, Yes,1598,47,13.5
Car Specification,Mini Cooper Countryman Cooper D (Diesel),2590,Hatchback, Yes,160, Automatic, Yes,1598,47,15.6
Car Specification,Mini Cooper Countryman Cooper D High (Diesel),2940,Hatchback, Yes,160, Automatic, Yes,1598,47,16.6
Car Specification,Mini Cooper Countryman Cooper S (Petrol),3650,Hatchback, Yes,160, Automatic, Yes,1598,47,15.6
Mini Cooper S,Mini Cooper S 1.6 (Petrol),3420,Hatchback, Yes,160, Automatic, Yes,1598,50,15.62
Mini Cooper S,Mini Cooper S 1.6 High (Petrol),3750,Hatchback, Yes,160, Automatic, Yes,1598,50,15.6
Mitsubishi Pajero Sport,Mitsubishi Pajero Sport 2.5 MT,2350,SUV, Yes,NA, Automatic, Yes,2477,70,13.5
Mitsubishi Pajero Sport,Mitsubishi Pajero Sport 2.5 AT,2355,SUV, Yes,NA, Automatic, Yes,2477,70,10.77
Nissan Evalia,Nissan Evalia XE (Diesel),850,MPV, No,500, Manual, No,1461,55,19.3
Nissan Evalia,Nissan Evalia XE Plus (Diesel),900,MPV, Yes,500, Manual, Yes,1461,55,19.3
Nissan Evalia,Nissan Evalia XL (Diesel),978,MPV, Yes,500, Manual, Yes,1461,55,19.3
Nissan Evalia,Nissan Evalia XL Opt (Diesel),1002,MPV, Yes,500, Manual, Yes,1461,55,19.3
Nissan Evalia,Nissan Evalia XV (Diesel),1043,MPV, Yes,500, Manual, Yes,1461,55,19.33
Nissan Evalia,Nissan Evalia XV Opt (Diesel),1068,MPV, Yes,500, Manual, Yes,1461,55,19.3
Nissan Micra,Nissan Micra Active XL (Petrol),413,Hatchback, No,226, Manual, No,1198,41,19.49
Nissan Micra,Nissan Micra Active XV (Petrol),442,Hatchback, No,251, Manual, No,1198,41,19.49
Nissan Micra,Nissan Micra Active XV S (Petrol),472,Hatchback, Yes,251, Manual, Yes,1198,41,19.49
Nissan Micra,Nissan Micra XL (Petrol),482,Hatchback, No,251, Manual, Yes,1198,41,18.44
Nissan Micra,Nissan Micra XL Opt (Petrol),544,Hatchback, Yes,251, Manual, Yes,1198,41,18.44
Nissan Micra,Nissan Micra XE (Diesel),545,Hatchback, No,251, Manual, No,1461,41,23.08
Nissan Micra,Nissan Micra 1.5 XL (Diesel),579,Hatchback, Yes,251, Manual, Yes,1461,41,23.08
Nissan Micra,Nissan Micra 1.5 XL Opt (Diesel),642,Hatchback, Yes,251, Manual, Yes,1461,41,23.08
Nissan Micra,Nissan Micra 1.2 XV CVT (Petrol),642,Hatchback, Yes,251, Manual, Yes,1198,41,19.34
Nissan Micra,Nissan Micra 1.5 XV (Diesel),681,Hatchback, Yes,251, Manual, Yes,1461,41,23.08
Nissan Micra,Nissan Micra 1.5 XV Premium (Diesel),704,Hatchback, Yes,251, Automatic, Yes,1461,41,23.08
Nissan Qashqai,Nissan Qashqai дус Expected Specification,2190,SUV, Yes,600, Automatic, Yes,1598,65,NA
Nissan Sunny,Nissan New Sunny XE (Petrol),699,Sedan, Yes,490, Manual, Yes,1498,41,16.95
Nissan Sunny,Nissan New Sunny XL (Petrol),761,Sedan, Yes,490, Automatic, Yes,1498,41,16.95
Nissan Sunny,Nissan New Sunny XE (Diesel),799,Sedan, Yes,490, Manual, Yes,1461,41,22.71
Nissan Sunny,Nissan New Sunny XL (Diesel),860,Sedan, Yes,490, Manual, Yes,1461,41,22.71
Nissan Sunny,Nissan New Sunny XL CVT (Petrol),891,Sedan, Yes,490, Automatic, Yes,1498,41,17.97
Nissan Sunny,Nissan New Sunny XV (Diesel),933,Sedan, Yes,490, Automatic, Yes,1461,41,22.71
Nissan Sunny,Nissan New Sunny XV Premium Safety (Diesel),961,Sedan, Yes,490, Automatic, Yes,1461,41,22.71
Nissan Sunny,Nissan New Sunny XV Premium Leather (Diesel),980,Sedan, Yes,490, Automatic, Yes,1461,41,22.71
Nissan Teana,Nissan Teana 250 XL (Petrol),2114,Sedan, Yes,488, Automatic, Yes,2496,70,11.7
Nissan Teana,Nissan Teana 250 XV (Petrol),2489,Sedan, Yes,488, Automatic, Yes,2496,70,11.7
Nissan Terrano,Nissan Terrano XE (Diesel),963,SUV, No,475, Manual, Yes,1461,50,20.5
Nissan Terrano,Nissan Terrano 1.6 XL (Petrol),968,SUV, Yes,475, Manual, Yes,1598,50,13.24
Nissan Terrano,Nissan Terrano XL (Diesel),1066,SUV, Yes,475, Manual, Yes,1461,50,20.5
Nissan Terrano,Nissan Terrano XL Plus (Diesel),1103,SUV, Yes,475, Manual, Yes,1461,50,20.45
Nissan Terrano,Nissan Terrano XL THP 110 PS (Diesel),1127,SUV, Yes,475, Manual, Yes,1461,50,20.5
Nissan Terrano,Nissan Terrano XV (Diesel),1220,SUV, Yes,475, Manual, Yes,1461,50,19
Nissan Terrano,Nissan Terrano XV Premium (Diesel),1250,SUV, Yes,475, Manual, Yes,1461,50,19.01
Nissan Terrano,Nissan Terrano Anniversary Edition XV THP (Diesel),1284,SUV, Yes,475, Manual, Yes,1461,50,19.01
Nissan Terrano,Nissan Terrano Anniversary Edition XV THP Premium (Diesel),1314,SUV, Yes,475, Manual, Yes,1461,50,19.01
Porsche 911,Porsche 911 Targa 4 (Petrol),15900,Coupe, Yes,125, Automatic, Yes,3436,68,8.7
Porsche 911,Porsche 911 Targa 4S (Petrol),17800,Coupe, Yes,125, Automatic, Yes,3800,68,9.2
Porsche Boxster,Porsche Boxster S (Petrol),9202,Convertible, Yes,280, Automatic, Yes,3436,64,14.49
Porsche Boxster,Porsche Boxster GTS,11500,Convertible, Yes,280, Automatic, Yes,3436,64,11.4
Porsche Cayenne,Porsche Cayenne Diesel,10400,SUV, Yes,NA, Automatic, Yes,2967,85,16.12
Porsche Cayenne,Porsche Cayenne S Petrol,11800,SUV, Yes,NA, Automatic, Yes,3604,85,12.5
Porsche Cayenne,Porsche Cayenne S Diesel,12100,SUV, Yes,NA, Automatic, Yes,4134,85,14.28
Porsche Cayenne,Porsche Cayenne Turbo,17800,SUV, Yes,NA, Automatic, Yes,4806,85,11.23
Porsche Cayman,Porsche Cayman S,9450,Coupe, Yes,425, Automatic, Yes,3436,64,14.9
Porsche Cayman,Porsche Cayman GTS,11750,Convertible, Yes,425, Automatic, Yes,3436,64,11.4
Car Specification,New Renault Koleos 2WD MT (Diesel),2233,SUV, Yes,450, Automatic, Yes,1995,65,17.15
Car Specification,New Renault Koleos 4WD MT (Diesel),2514,SUV, Yes,450, Automatic, Yes,1995,65,16.26
Car Specification,New Renault Koleos 4WD AT (Diesel),2619,SUV, Yes,450, Automatic, Yes,1995,65,14.56
Renault Duster,Renault Duster RxE (Petrol),830,SUV, No,475, Manual, No,1598,50,13.05
Renault Duster,Renault Duster 85 PS RxE (Diesel),912,SUV, No,475, Manual, No,1461,50,19.87
Renault Duster,Renault Duster RxL (Petrol),970,SUV, Yes,475, Automatic, Yes,1598,50,13.24
Renault Duster,Renault Duster 85 PS RxE ADVENTURE Edition (Diesel),971,SUV, Yes,475, Manual, No,1461,50,19.87
Renault Duster,Renault Duster 85 PS RxL (Diesel),1010,SUV, Yes,475, Manual, Yes,1461,50,19.87
Renault Duster,Renault Duster 85PS RxL Plus (Diesel),1086,SUV, Yes,475, Automatic, Yes,1461,50,19.87
Renault Duster,Renault Duster 110 PS RxL (Diesel),1117,SUV, Yes,475, Automatic, Yes,1461,50,19.64
Renault Duster,Renault Duster 110 PS RxZ (Diesel),1139,SUV, Yes,475, Automatic, Yes,1461,50,19.64
Renault Duster,Renault Duster 85PS RxL Optional (Diesel),1146,SUV, Yes,475, Automatic, Yes,1461,50,19.87
Renault Duster,Renault Duster 110 PS RxZ Plus (Diesel),1245,SUV, Yes,475, Automatic, Yes,1461,50,19.64
Renault Duster,Renault Duster 110 PS RxL AWD (Diesel),1247,SUV, Yes,410, Manual, Yes,1461,50,19.72
Renault Duster,Renault Duster 110 PS RxL ADVENTURE Edition (Diesel),1249,SUV, Yes,475, Automatic, Yes,1461,50,19.01
Renault Duster,Renault Duster 110 PS RxZ Opt (Diesel),1249,SUV, Yes,475, Automatic, Yes,1461,50,19.64
Renault Duster,Renault Duster 110 PS RxZ AWD (Diesel),1363,SUV, Yes,410, Manual, Yes,1461,50,19.72
Renault Fluence,Renault Fluence 1.5 E2 (Diesel),1399,Sedan, Yes,530, Automatic, Yes,1461,67,20.4
Renault Fluence,Renault Fluence 1.5 E4 (Diesel),1549,Sedan, Yes,530, Automatic, Yes,1461,67,20.4
Renault Lodgy,Renault Lodgy 85PS STD,819,MPV, Yes,275, Manual, No,1461,50,21.04
Renault Lodgy,Renault Lodgy 85PS RxE,899,MPV, Yes,207, Automatic, No,1461,50,21.04
Renault Lodgy,Renault Lodgy 85PS RXL,959,MPV, Yes,207, Automatic, Yes,1461,50,21.04
Renault Lodgy,Renault Lodgy 110PS RxL,1009,MPV, Yes,207, Automatic, Yes,1461,50,19.98
Renault Lodgy,Renault Lodgy 85PS RXZ,1089,MPV, Yes,207, Automatic, Yes,1461,50,21.04
Renault Lodgy,Renault Lodgy 110PS RXZ 8STR,1149,MPV, Yes,207, Automatic, Yes,1461,50,19.98
Renault Lodgy,Renault Lodgy 110PS RXZ 7STR,1179,MPV, Yes,207, Automatic, Yes,1461,50,19.98
Renault Lodgy,Renault Lodgy Stepway Edition 8 Seater,1209,MPV, Yes,207, Manual, Yes,1461,50,19.98
Renault Lodgy,Renault Lodgy Stepway Edition 7 Seater,1239,MPV, Yes,207, Automatic, Yes,1461,50,19.98
Renault Pulse,Renault Pulse RxE (Petrol),446,Hatchback, No,251, Manual, Yes,1198,41,18
Renault Pulse,Renault Pulse RxL (Petrol),504,Hatchback, No,251, Manual, Yes,1198,41,18.1
Renault Pulse,Renault Pulse RxZ (Petrol),578,Hatchback, Yes,251, Automatic, Yes,1198,41,18.1
Renault Pulse,Renault Pulse RxE (Diesel),590,Hatchback, No,251, Manual, Yes,1461,41,23.08
Renault Pulse,Renault Pulse RxL ABS (Diesel),610,Hatchback, Yes,251, Manual, Yes,1461,41,23.08
Renault Pulse,Renault Pulse RxL (Diesel),616,Hatchback, No,251, Manual, Yes,1461,41,23.08
Renault Pulse,Renault Pulse RxZ (Diesel),680,Hatchback, Yes,251, Automatic, Yes,1461,41,23.08
Renault Scala,Renault Scala RxE (Petrol),725,Sedan, Yes,490, Manual, Yes,1498,41,NA
Renault Scala,Renault Scala RxL (Petrol),802,Sedan, Yes,490, Automatic, Yes,1448,41,NA
Renault Scala,Renault Scala RxE (Diesel),835,Sedan, Yes,490, Manual, Yes,1461,41,21.64
Renault Scala,Renault Scala Travelogue RxL (Petrol),856,Sedan, Yes,490, Automatic, Yes,1498,41,NA
Renault Scala,Renault Scala RxL Travelogue (Petrol),856,Sedan, Yes,490, Automatic, Yes,1498,41,NA
Renault Scala,Renault Scala RxL (Diesel),877,Sedan, Yes,490, Automatic, Yes,1461,41,21.64
Renault Scala,Renault Scala RxL Travelogue (Diesel),940,Sedan, Yes,490, Automatic, Yes,1461,41,21.64
Renault Scala,Renault Scala Travelogue RxL CVT (Petrol),970,Sedan, Yes,490, Automatic, Yes,1498,41,NA
Renault Scala,Renault Scala RxZ (Diesel),976,Sedan, Yes,490, Automatic, Yes,1461,41,21.64
Renault Scala,Renault Scala RxZ CVT (Petrol),1007,Sedan, Yes,490, Automatic, Yes,1498,41,NA
Renault Scala,Renault Scala RxZ Travelogue (Diesel),1029,Sedan, Yes,490, Automatic, Yes,1461,41,21.64
Renault Scala,Renault Scala Travelogue RxZ CVT (Petrol),1061,Sedan, Yes,490, Automatic, Yes,1498,41,NA
Rolls Royce Ghost V Specification,Rolls Royce Ghost V Specification (Petrol),46600,Sedan, Yes,490, Automatic, Yes,6592,82.5,NA
Rolls-Royce Wraith,Rolls Royce Wraith Coupe (Petrol),46000,Coupe, Yes,NA, Automatic, Yes,6592,83,9
San Motors Storm,San Motors Storm 1.2 (Petrol),595,Sedan, Yes,NA, Manual, Yes,1149,36,16
New Skoda Superb,New Skoda Superb Ambition 1.8 TSI MT (Petrol),1862,Sedan, Yes,565, Automatic, Yes,1798,60,13.1
New Skoda Superb,New Skoda Superb Elegance 1.8 TSI MT (Petrol),2165,Sedan, Yes,565, Automatic, Yes,1798,60,13.1
New Skoda Superb,New Skoda Superb Ambition 2.0 TDI CR AT (Diesel),2307,Sedan, Yes,565, Automatic, Yes,1968,60,17.2
New Skoda Superb,New Skoda Superb Elegance 1.8 TSI AT (Petrol),2330,Sedan, Yes,565, Automatic, Yes,1798,60,13.7
New Skoda Superb,New Skoda Superb Elegance 2.0 TDI CR AT (Diesel),2625,Sedan, Yes,565, Automatic, Yes,1968,60,17.2
Skoda D Rapid,Skoda D Rapid дус 1.6 TDI CR/77 kW,851,Sedan,NA,NA, Manual,NA,1598,55,20.5
Skoda Fabia,Skoda Fabia дус 1.2 MPI/55 kW (Petrol),503,Hatchback, No,315, Manual, No,1198,45,16.4
Skoda Fabia,Skoda Fabia Active Plus 1.2 TDI CR (Diesel),624,Hatchback, No,315, Manual, No,1199,45,20.9
Skoda Fabia,Skoda Fabia Elegance 1.6 MPI (Petrol),660,Hatchback, Yes,315, Automatic, Yes,1598,45,14.8
Skoda New Octavia,Skoda New Octavia Active 1.4 TSI (Petrol),1395,Sedan, Yes,590, Manual, Yes,1395,50,NA
Skoda New Octavia,Skoda New Octavia Active 2.0 TDI CR (Diesel),1555,Sedan, Yes,590, Manual, Yes,1968,50,NA
Skoda New Octavia,Skoda New Octavia Ambition 1.4 TSI (Petrol),1625,Sedan, Yes,590, Manual, Yes,1395,50,NA
Skoda New Octavia,Skoda New Octavia Ambition 2.0 TDI CR (Diesel),1787,Sedan, Yes,590, Automatic, Yes,1968,50,NA
Skoda New Octavia,Skoda New Octavia Ambition 2.0 TDI CR AT (Diesel),1855,Sedan, Yes,590, Automatic, Yes,1968,50,NA
Skoda New Octavia,Skoda New Octavia Elegance 1.8 TSI AT (Petrol),1966,Sedan, Yes,590, Automatic, Yes,1798,50,NA
Skoda New Octavia,Skoda New Octavia Elegance 2.0 TDI CR AT (Diesel),2060,Sedan, Yes,590, Automatic, Yes,1968,50,19.3
Skoda Rapid,Skoda Rapid 1.6 MPI Active (Petrol),756,Sedan, No,460, Manual, No,1598,55,15
Skoda Rapid,Skoda Rapid 1.6 MPI Ambition Plus (Petrol),858,Sedan, Yes,460, Manual,NA,1598,55,15
Skoda Rapid,Skoda Rapid 1.5 TDI CR Active (Diesel),881,Sedan, No,NA, Manual, No,1498,55,21.14
Skoda Rapid,Skoda Rapid 1.6 MPI Elegance (Petrol),888,Sedan, Yes,460, Manual, Yes,1598,55,15
Skoda Rapid,Skoda Rapid 1.6 MPI Elegance Black Package (Petrol),901,Sedan, Yes,460, Automatic, Yes,1598,55,15
Skoda Rapid,Skoda Rapid 1.5 TDI CR Ambition Plus (Diesel),948,Sedan, Yes,NA, Automatic, Yes,1498,55,21.14
Skoda Rapid,Skoda Rapid 1.6 MPI Ambition Plus AT (Petrol),950,Sedan, Yes,NA, Automatic, Yes,1598,55,14.3
Skoda Rapid,Skoda Rapid 1.6 MPI Elegance AT (Petrol),987,Sedan, Yes,NA, Automatic, Yes,1598,55,14.3
Skoda Rapid,Skoda Rapid 1.5 TDI CR Elegance (Diesel),987,Sedan, Yes,NA, Manual, Yes,1498,55,21.14
Skoda Rapid,Skoda Rapid 1.6 MPI Elegance Black Package AT (Petrol),1000,Sedan, Yes,NA, Automatic, Yes,1598,55,14.3
Skoda Rapid,Skoda Rapid 1.5 TDI CR Elegance Black Package (Diesel),1000,Sedan, Yes,NA, Automatic, Yes,1498,55,21.14
Skoda Rapid,Skoda Rapid 1.5 TDI CR Ambition Plus AT (Diesel),1083,Sedan, Yes,NA, Automatic, Yes,1498,55,21.66
Skoda Rapid,Skoda Rapid 1.5 TDI CR Elegance AT (Diesel),1118,Sedan, Yes,NA, Automatic, Yes,1498,55,21.66
Skoda Rapid,Skoda Rapid 1.5 TDI CR Elegance Black Package AT (Diesel),1131,Sedan, Yes,NA, Automatic, Yes,1498,55,21.66
Skoda Yeti Facelift,Skoda Yeti Ambition 2.0 TDi CR 2WD (Diesel),2010,SUV, Yes,416, Manual, Yes,1968,55,17.72
Skoda Yeti Facelift,Skoda Yeti Elegance 2.0 TDi CR 4WD (Diesel),2180,SUV, Yes,416, Automatic, Yes,1968,60,17.67
Ssangyong Korando,Ssangyong Korando дус Expected Specification,1615,SUV,NA,486, Manual, Yes,1998,57,7.5
Ssangyong Rexton,SsangYong Rexton W RX 5 MT (Diesel),1987,SUV, Yes,500, Automatic, Yes,2696,78,12.4
Ssangyong Rexton,SsangYong Rexton RX 6 (Diesel),2189,SUV, Yes,500, Automatic, Yes,2696,78,12.4
Ssangyong Rexton,SsangYong Rexton W RX 7 AT (Diesel),2321,SUV, Yes,500, Automatic, Yes,2696,78,10.98
Tata Aria Facelift,Tata Aria Pure LX 2WD (Diesel),1043,SUV, No,NA, Manual, No,2179,60,15.05
Tata Aria Facelift,Tata Aria Pleasure 2WD (Diesel),1253,SUV, Yes,NA, Manual, Yes,2179,60,15.05
Tata Aria Facelift,Tata Aria Pride 4WD (Diesel),1541,SUV, Yes,NA, Automatic, Yes,2179,60,15.05
Tata Bolt,Tata Bolt Revotron 1.2T XE (Petrol),445,Hatchback, No,210, Manual, No,NA,44,NA
Tata Bolt,Tata Bolt Revotron 1.2T XM (Petrol),516,Hatchback, Yes,210, Manual, No,1193,44,NA
Tata Bolt,Tata Bolt Revotron 1.2T XMS (Petrol),540,Hatchback, Yes,210, Manual, No,1193,44,NA
Tata Bolt,Tata Bolt Quadrajet 1.3 XE (Diesel),550,Hatchback, No,210, Manual, No,1248,44,NA
Tata Bolt,Tata Bolt Revotron 1.2T XT (Petrol),606,Hatchback, Yes,210, Automatic, Yes,1193,44,NA
Tata Bolt,Tata Bolt Quadrajet 1.3 XM (Diesel),611,Hatchback, No,210, Manual, No,1248,44,NA
Tata Bolt,Tata Bolt Quadrajet 1.3 XMS (Diesel),635,Hatchback, No,210, Manual, No,1248,44,NA
Tata Bolt,Tata Bolt Quadrajet 1.3 XT (Diesel),700,Hatchback, Yes,210, Automatic, Yes,1248,44,NA
Tata Indica eV2,Tata Indica eV2 emax GLS (CNG),404,Hatchback, No,220, No, Yes,1193,0,23.7
Tata Indica eV2,Tata Indica BS III V2 LS (Diesel),414,Hatchback, No,220, Manual, No,1396,37,18
Tata Indica eV2,Tata Indica eV2 emax GLX (CNG),431,Hatchback, Yes,220, Manual, Yes,1193,0,23.7
Tata Indica eV2,Tata Indica BS III V2 LX (Diesel),448,Hatchback, No,220, Manual, No,1396,37,18
Tata Indica eV2,Tata Indica BS IV eV2 LS (Diesel),461,Hatchback, No,220, Manual, No,1396,0,NA
Tata Indica eV2,Tata Indica BS IV eV2 LX (Diesel),503,Hatchback, No,NA, Manual, No,1396,0,NA
Tata Indica Vista,Tata Indica Vista LS TDI BS-III (Diesel),478,Hatchback, No,232, Manual, No,1405,37,NA
Tata Indica Vista,Tata Indica Vista LX TDI BS-III (Diesel),521,Hatchback, No,232, Manual, No,1405,37,NA
Tata Indica Vista,Tata Indica Vista LS Quadrajet BS IV (Diesel),523,Hatchback, No,232, Manual, No,1248,37,NA
Tata Indica Vista,Tata Indica Vista VX Quadrajet BS IV (Diesel),609,Hatchback, Yes,232, Manual, No,1248,37,NA
Tata Indigo eCS,Tata Indigo eCS GLX (Petrol),499,Sedan, No,380, Manual, No,1193,42,14
Tata Indigo eCS,Tata Indigo eCS LS TDI BS-III (Diesel),505,Sedan, No,380, Manual, No,1405,42,19.6
Tata Indigo eCS,Tata Indigo eCS emax GLS (CNG),505,Sedan, No,150, Manual, No,1193,0,24.6
Tata Indigo eCS,Tata Indigo eCS GVX (Petrol),529,Sedan, No,380, Manual, No,1193,42,14
Tata Indigo eCS,Tata Indigo eCS emax GLX (CNG),534,Sedan, No,150, Manual, No,1193,0,24.6
Tata Indigo eCS,Tata Indigo eCS LX TDI BS-III (Diesel),540,Sedan, No,380, Manual, No,1405,42,19.6
Tata Indigo eCS,Tata Indigo eCS LS CR4 BS-IV (Diesel),563,Sedan, No,380, Manual, No,1396,42,25
Tata Indigo eCS,Tata Indigo eCS LX CR4 BS-IV (Diesel),577,Sedan, No,380, Manual, No,1396,42,25
Tata Indigo eCS,Tata Indigo eCS VX CR4 BS-IV (Diesel),622,Sedan, No,380, Manual, No,1396,42,25
Tata Manza,Tata Manza LS (Diesel),616,Sedan, No,160, Manual, No,1248,44,21.2
Tata Manza,Tata Manza LX (Diesel),693,Sedan, No,160, Manual, No,1248,44,21.2
Tata Manza,Tata Manza VX (Diesel),760,Sedan, Yes,460, Manual, No,1368,44,21.2
Tata Manza,Tata Manza EX (Diesel),858,Sedan, Yes,NA, Automatic, Yes,1248,44,21.2
Tata Movus,Tata Movus CX 7 STR Side Facing-BS4,698,MUV, No,NA, No, No,2179,65,NA
Tata Movus,Tata Movus CX 9 STR Side Facing-BS4,698,MUV, No,NA, No, No,2179,65,NA
Tata Movus,Tata Movus CX 8 STR Front Facing-BS4,698,MUV, No,NA, No, No,2179,65,NA
Tata Movus,Tata Movus CX 8 STR Front Facing-BS4,698,MUV, No,NA, No, No,2179,65,NA
Tata Movus,Tata Movus LX 7 STR Side Facing-BS4,725,MUV, No,NA, No, No,2179,65,NA
Tata Movus,Tata Movus LX 7 STR Captain Front Facing-BS4,725,MUV, No,NA, No, No,2179,65,NA
Tata Movus,Tata Movus LX 9 STR Side Facing-BS4,725,MUV,NA,NA,NA, No,2179,65,NA
Tata Movus,Tata Movus LX 8 STR Front Facing-BS4,725,MUV, No,NA,NA, No,2179,65,NA
Tata Nano,Tata GenX Nano XE,199,Hatchback, No,110, Manual, No,624,24,23.9
Tata Nano,Tata GenX Nano XM,229,Hatchback, No,110, Manual, No,624,24,23.9
Tata Nano,Tata Nano CNG emax CX (CNG),233,Hatchback, No,80, Manual, No,624,15,NA
Tata Nano,Tata Nano Twist XT (Petrol),243,Hatchback, No,80, Manual, No,624,15,25
Tata Nano,Tata GenX Nano XT,249,Hatchback, No,110, Automatic, No,624,24,23.9
Tata Nano,Tata Nano CNG emax LX (CNG),258,Hatchback, No,80, Manual, No,624,15,NA
Tata Nano,Tata GenX Nano XMA,269,Hatchback, No,94, Manual, No,624,24,23.9
Tata Nano,Tata GenX Nano XTA,289,Hatchback, No,94, Automatic, No,624,24,23.9
Tata Safari DICOR,Tata Safari 2WD LX DICOR BS-III (Diesel),826,SUV, Yes,981, Manual, No,2179,65,13.93
Tata Safari DICOR,Tata Safari 2WD LX DICOR BS-IV (Diesel),891,SUV, No,981, Manual, No,2179,65,13.93
Tata Safari DICOR,Tata Safari 2WD EX DICOR BS-III (Diesel),928,SUV, Yes,981, Manual, No,2179,65,13.93
Tata Safari DICOR,Tata Safari 2WD EX DICOR BS-IV (Diesel),1018,SUV, No,981, Manual, Yes,2179,65,13.93
Tata Safari Storme,Tata Safari Storme LX 2WD (Diesel),999,SUV, Yes,NA, Manual, No,2179,55,14.1
Tata Safari Storme,Tata Safari Storme EX 2WD (Diesel),1161,SUV, Yes,NA, Manual, No,2179,55,14.1
Tata Safari Storme,Tata Safari Storme VX 2WD (Diesel),1302,SUV, Yes,NA, Manual, Yes,2179,55,14.1
Tata Safari Storme,Tata Safari Storme VX 4WD (Diesel),1435,SUV, Yes,NA, Manual, Yes,2179,55,13.2
Tata Sumo Gold,Tata Sumo Gold CX BS III (Diesel),623,SUV, No,NA, Manual, No,2956,65,14.7
Tata Sumo Gold,Tata Sumo Gold CX BS IV (Diesel),656,SUV, No,500, Manual, No,2956,65,14
Tata Sumo Gold,Tata Sumo Gold LX BS III (Diesel),658,SUV, No,NA, Manual, No,2956,65,14.7
Tata Sumo Gold,Tata Sumo Gold LX BS IV (Diesel),683,SUV, No,NA, Manual, No,2956,65,14.7
Tata Sumo Gold,Tata Sumo Gold EX BS III (Diesel),712,SUV, No,NA, Manual, No,2956,65,14.7
Tata Sumo Gold,Tata Sumo Gold EX BS IV (Diesel),728,SUV, No,NA, Manual, No,2956,65,14.7
Tata Sumo Gold,Tata Sumo Gold FX BS III (Diesel),729,SUV, No,NA, Manual, No,2956,65,14.7
Tata Sumo Gold,Tata Sumo Gold GX BS IV (Diesel),794,SUV, No,NA, Manual, No,2956,65,14.7
Tata Sumo Grande,Tata Sumo Grande MK II LX BS-IV (Diesel),762,MUV, No,NA, Manual, No,2179,65,13.55
Tata Sumo Grande,Tata Sumo Grande MK II EX (Diesel),803,MUV, No,NA, Manual, No,2179,65,13.55
Tata Sumo Grande,Tata Sumo Grande MK II EX BS-IV (Diesel),836,MUV, No,NA, Manual, No,2179,65,13.55
Tata Sumo Grande,Tata Sumo Grande MK II GX BS-IV (Diesel),873,MUV, No,NA, Manual, No,2179,65,13.55
Tata Venture,Tata Venture LX (Diesel),457,MUV, No,500, No, No,1405,33,15.42
Tata Venture,Tata Venture EX (Diesel),484,MUV, No,500, Manual, No,1405,33,15.42
Tata Venture,Tata Venture GX (Diesel),534,MUV, No,500, Manual, No,1405,33,15.42
Tata Winger,Tata Winger Platinum BS-III (Diesel),760,MUV,NA,1000,NA,NA,1948,60,NA
Tata Winger,Tata Winger Platinum BS-IV (Diesel),773,MUV,NA,1000,NA,NA,1948,60,NA
Tata Xenon,Tata Xenon XT EX 2WD (Diesel),1001,SUV, Yes,1000, Manual, No,2179,65,13.49
Tata Xenon,Tata Xenon XT EX 4WD (Diesel),1106,SUV, Yes,1000, No, No,2179,65,12
Tata Zest,Tata Zest XE (Petrol),481,Sedan, No,285, Manual, No,1193,44,17.6
Tata Zest,Tata Zest XM (Petrol),544,Hatchback, Yes,285, Automatic, No,1193,44,17.6
Tata Zest,Tata Zest XMS (Petrol),563,Sedan, Yes,285, Automatic, No,1193,44,17.6
Tata Zest,Tata Zest XE 75 PS (Diesel),585,Sedan, No,285, Manual, No,1248,44,23
Tata Zest,Tata Zest XT (Petrol),621,Sedan, Yes,285, Automatic, Yes,1193,44,17.6
Tata Zest,Tata Zest XM (Diesel),650,Sedan, Yes,285, Manual, Yes,1248,44,23
Tata Zest,Tata Zest XMS (Diesel),669,Sedan, Yes,285, Manual, Yes,1248,44,23
Tata Zest,Tata Zest XT (Diesel),725,Sedan, Yes,285, Automatic, Yes,1248,44,23
Tata Zest,Tata Zest XMA (Diesel),725,Sedan, Yes,285, Automatic, Yes,1248,44,23
Toyota Corolla Altis 2014,New Toyota Corolla Altis JS (Petrol),1306,Sedan, Yes,470, Manual, Yes,1798,65,NA
Toyota Corolla Altis 2014,New Toyota Corolla Altis D 4D J (Diesel),1393,Sedan, Yes,470, Automatic, Yes,1364,50,21
Toyota Corolla Altis 2014,New Toyota Corolla Altis D4 DJS (Diesel),1450,Sedan, Yes,470, Automatic, Yes,1364,50,21.43
Toyota Corolla Altis 2014,New Toyota Corolla Altis G (Petrol),1458,Sedan, Yes,470, Automatic, Yes,1798,65,NA
Toyota Corolla Altis 2014,New Toyota Corolla Altis G CVT (Petrol),1588,Sedan, Yes,470, Automatic, Yes,1798,65,NA
Toyota Corolla Altis 2014,New Toyota Corolla Altis D4 DG (Diesel),1590,Sedan, Yes,470, Automatic, Yes,1364,50,21.43
Toyota Corolla Altis 2014,New Toyota Corolla Altis GL (Petrol),1622,Sedan, Yes,470, Automatic, Yes,1798,65,NA
Toyota Corolla Altis 2014,New Toyota Corolla Altis D4 DGL (Diesel),1754,Sedan, Yes,470, Automatic, Yes,1364,50,21.43
Toyota Corolla Altis 2014,New Toyota Corolla Altis VL CVT (Petrol),1783,Sedan, Yes,470, Automatic, Yes,1798,65,NA
Toyota Etios,Toyota Etios J PS (Petrol),603,Sedan, No,595, Manual, Yes,1496,45,16.78
Toyota Etios,Toyota Etios G (Petrol),633,Sedan, No,595, Manual, Yes,1496,45,16.78
Toyota Etios,Toyota Etios V SP (Petrol),673,Sedan, Yes,595, Automatic, Yes,1496,45,16.78
Toyota Etios,Toyota Etios JD (Diesel),713,Sedan, No,595, Manual, Yes,1364,45,23.59
Toyota Etios,Toyota Etios VX (Petrol),736,Sedan, Yes,595, Automatic, Yes,1496,45,16.78
Toyota Etios,Toyota Etios GD (Diesel),743,Sedan, No,595, Automatic, Yes,1364,45,23.59
Toyota Etios,Toyota Etios VD SP (Diesel),783,Sedan, Yes,595, Automatic, Yes,1364,45,23.59
Toyota Etios,Toyota Etios VXD SP (Diesel),846,Sedan, Yes,595, Automatic, Yes,1364,45,23.59
Toyota Etios Cross,Toyota Etios Cross 1.2 G (Petrol),623,SUV, No,251, Manual, No,1197,45,13.3
Toyota Etios Cross,Toyota Etios Cross 1.4 D-4D GD (Diesel),742,SUV, Yes,251, Automatic, No,1364,45,NA
Toyota Etios Cross,Toyota Etios Cross 1.5 V (Petrol),763,SUV, Yes,251, Automatic, Yes,1496,45,NA
Toyota Etios Cross,Toyota Etios Cross 1.4 D-4D VD (Diesel),772,SUV, Yes,251, Automatic, Yes,1364,45,NA
Toyota Etios Liva,Toyota Etios Liva J PS (Petrol),500,Hatchback, No,251, Manual, Yes,1197,45,NA
Toyota Etios Liva,Toyota Etios Liva G (Petrol),517,Hatchback, No,251, Manual, Yes,1197,45,NA
Toyota Etios Liva,Toyota Etios Liva V (Petrol),567,Hatchback, Yes,251, Manual, Yes,1197,45,NA
Toyota Etios Liva,Toyota Etios Liva VX SP (Petrol),618,Hatchback, Yes,251, Manual, Yes,1197,45,NA
Toyota Etios Liva,Toyota Etios Liva JD (Diesel),619,Hatchback, Yes,251, Manual, No,1364,45,NA
Toyota Etios Liva,Toyota Etios Liva GD (Diesel),636,Hatchback, Opt for G/STD for GD,251, Manual, No,1364,45,NA
Toyota Etios Liva,Toyota Etios Liva VD (Diesel),670,Hatchback, Yes,251, Manual, No,1364,45,NA
Toyota Etios Liva,Toyota Etios Liva VXD (Diesel),721,Hatchback, Yes,251, Manual, Yes,1364,45,NA
Toyota Etios Xclusive,Toyota Etios Xclusive (Petrol),598,Sedan, No,595, Manual, No,1496,45,16.78
Toyota Etios Xclusive,Toyota Etios Xclusive (Diesel),710,Sedan, No,595, Manual, No,1364,45,NA
Toyota Fortuner,Toyota Fortuner 2WD Manual (Diesel),2417,SUV, Yes,NA, Manual, Yes,2982,80,12.55
Toyota Fortuner,Toyota Fortuner 2WD MT FY (Diesel),2435,SUV, Yes,NA, Manual, Yes,2982,80,12.55
Toyota Fortuner,Toyota Fortuner 2WD AT (Diesel),2517,SUV, Yes,NA, Manual, Yes,2982,80,12.55
Toyota Fortuner,Toyota Fortuner 2WD AT TRD Sportivo (Diesel),2535,SUV, Yes,NA, Automatic, Yes,2982,80,12.55
Toyota Fortuner,Toyota Fortuner 4WD MT (Diesel),2549,SUV, Yes,NA, Manual, Yes,2982,80,12.55
Toyota Fortuner,Toyota Fortuner 4WD AT (Diesel),2649,SUV, Yes,NA, Automatic, Yes,2982,80,NA
Volkswagen Cross Polo,Volkswagen Cross Polo 1.2 MPI (Petrol),699,Hatchback, Yes,NA, Manual, Yes,1198,45,16.5
Volkswagen Cross Polo,Volkswagen Cross Polo 1.2 TDI (Diesel),840,Hatchback, Yes,NA, Manual, Yes,1199,45,22.07
Volkswagen New JETTA,Volkswagen Jetta 1.4L TSI MT Trendline (Petrol),1370,Sedan, Yes,NA, Automatic, Yes,1390,0,NA
Volkswagen New JETTA,Volkswagen Jetta 2.0L TDI MT Trendline (Diesel),1504,Sedan, Yes,NA, Automatic, Yes,1968,55,NA
Volkswagen New JETTA,Volkswagen Jetta 1.4L TSI MT Comfortline (Petrol),1517,Sedan, Yes,NA, Automatic, Yes,1390,0,NA
Volkswagen New JETTA,Volkswagen Jetta 2.0L TDI MT Comfortline (Diesel),1651,Sedan, Yes,NA, Automatic, Yes,1968,55,NA
Volkswagen New JETTA,Volkswagen Jetta 2.0L TDI MT Highline (Diesel),1859,Sedan, Yes,NA, Automatic, Yes,1968,55,NA
Volkswagen New JETTA,Volkswagen Jetta 2.0L TDI AT Highline (Diesel),1945,Sedan, Yes,NA, Automatic, Yes,1968,55,NA
Volkswagen New Phaeton,Volkswagen New Phaeton 3.6L (Petrol),7729,Sedan, Yes,565, Automatic, Yes,3597,90,12.8
Volkswagen Passat,Volkswagen Passat Trendline MT (Diesel),2206,Sedan, Yes,400, Manual, Yes,1968,70,18.78
Volkswagen Passat,Volkswagen Passat Comfortline DSG (Diesel),2528,Sedan, Yes,565, Automatic, Yes,1968,70,14.3
Volkswagen Passat,Volkswagen Passat Highline DSG (Diesel),2726,Sedan, Yes,565, Automatic, Yes,1968,70,18.78
Volkswagen Polo,Volkswagen Polo 1.2L Trendline (Petrol),535,Hatchback, No,280, Manual, Yes,1198,45,16.47
Volkswagen Polo,Volkswagen Polo 1.2L Comfortline (Petrol),597,Hatchback, Yes,280, Manual, Yes,1198,45,16.47
Volkswagen Polo,Volkswagen Polo 1.2L Highline (Petrol),649,Hatchback, Yes,280, Automatic, Yes,1198,45,16.47
Volkswagen Polo,Volkswagen Polo 1.5L Trendline (Diesel),670,Hatchback, No,280, Manual, Yes,1498,45,20.14
Volkswagen Polo,Volkswagen Polo 1.5L Comfortline (Diesel),733,Hatchback, Yes,280, Manual, Yes,1498,45,20.14
Volkswagen Polo,Volkswagen Polo 1.5L Highline (Diesel),784,Hatchback, Yes,280, Automatic, Yes,1498,45,20.14
Volkswagen Polo GT,Volkswagen Polo GT TDI (Diesel),800,Hatchback, Yes,250, Automatic, Yes,1598,45,19.7
Volkswagen Polo GT,Volkswagen Polo GT TSI (Petrol),850,Hatchback, Yes,250, Automatic, Yes,1197,45,17.2
Volkswagen Taigun,Volkswagen Taigun -Expected Specification,1178,SUV,NA,280, Automatic,NA,NA,0,NA
Volkswagen Up,Volkswagen Up дус Expected Specification,360,Hatchback, Yes,220, Manual, Yes,1199,45,21
Volkswagen Vento,Volkswagen Vento Trendline (Petrol),785,Sedan, No,494, Manual, No,1598,55,16.09
Volkswagen Vento,Volkswagen Vento Comfortline MT (Petrol),867,Sedan, Yes,494, Automatic, Yes,1598,55,16.09
Volkswagen Vento,Volkswagen Vento Trendline (Diesel),910,Sedan, No,494, Manual, Yes,1498,55,20.64
Volkswagen Vento,Volkswagen Vento Highline MT (Petrol),942,Sedan, Yes,NA, Automatic, Yes,1598,55,16.09
Volkswagen Vento,Volkswagen Vento Comfortline AT (Petrol),987,Sedan, Yes,494, Manual, Yes,1197,55,18.19
Volkswagen Vento,Volkswagen Vento Comfortline MT (Diesel),992,Sedan, Yes,494, Manual, Yes,1498,55,20.64
Volkswagen Vento,Volkswagen Vento Highline AT (Petrol),1062,Sedan, Yes,494, Automatic, Yes,1197,55,18.19
Volkswagen Vento,Volkswagen Vento Highline MT (Diesel),1067,Sedan, Yes,494, Manual, Yes,1498,55,20.64
Volkswagen Vento,Volkswagen Vento Comfortline AT (Diesel),1112,Sedan, Yes,494, Automatic, Yes,1498,55,21.5
Volkswagen Vento,Volkswagen Vento Highline AT (Diesel),1187,Sedan, Yes,494, Manual, Yes,1498,55,21.5
Volvo S60,Volvo S60 Kinetic D4 (Diesel),3190,Sedan, Yes,339, Automatic, Yes,1984,67.5,NA
Volvo S60,Volvo S60 Summum D4 (Diesel),3390,Sedan, Yes,339, Automatic, Yes,1984,67.5,18.5
Volvo S60,Volvo S60 Summum D5 (Diesel),3690,Sedan, Yes,339, Automatic, Yes,2400,67.5,20.4
Volvo S60,Volvo S60 T6,4200,Sedan, Yes,380, Automatic, Yes,1969,67,18.5
Volvo S80,Volvo S80 Summum D4 (Diesel),4135,Sedan, Yes,480, Automatic, Yes,1984,70,16.66
Volvo S80,Volvo S80 Summum D5 (Diesel),4480,Sedan, Yes,480, Automatic, Yes,2400,70,NA
Volvo V40,Volvo V40 D3 Kinetic (Diesel),2475,Hatchback, Yes,335, Automatic, Yes,1969,62,27.8
Volvo V40,Volvo V40 D3 R-Design (Diesel),2770,Hatchback, Yes,324, Automatic, Yes,1984,62,27.8
Volvo V40 Cross Country,Volvo V40 D3 Cross Country (Diesel),3180,Hatchback, Yes,335, Automatic, Yes,1984,60,16.8
Volvo V40 Cross Country,Volvo V40 T4 Cross Country (Petrol),3240,Hatchback, Yes,324, Automatic, Yes,1596,50,16
Volvo XC90,Volvo XC 90 D5 Momentum(Diesel),6490,SUV, Yes,NA, Automatic, Yes,1969,68,11.1
Volvo XC90,Volvo XC 90 D5 Inscription(Diesel),7790,SUV, Yes,NA, Automatic, Yes,1969,68,11.1